01,ap_invoice_lines_all,201901,20190103,121
02,41007,1,ITEM,,,IMPORTED,101,,,,,,,,Y,NOT_MATCHED,,,,,,31375,,21-11-18,2018-11,N,,,,,2045,900,,,,,,REQUIRED,,N,,,,N,,,,,,,,,,,,,,,,N,,,,,,,,,,,,,,,,,,,,,,,,,,,,,,,,,,,,,,21-11-18,1132,1132,21-11-18,100773,20004,72338,21-11-18,526557,,,,,,,,,,,,,,,,,,,,,,,,,,,,,,,,,,,,,,,,,,,,,,,,,,,,,,,,,Y,,,,,,PURCHASE_TRANSACTION,,,,,,,,,,,,,,,,,,,,,,,,,,,,,,,,,,
02,41007,1,ITEM,,,IMPORTED,101,,,,,,,,Y,NOT_MATCHED,,,,,,31375,,21-11-18,2018-11,N,,,,,2045,900,,,,,,REQUIRED,,N,,,,N,,,,,,,,,,,,,,,,N,,,,,,,,,,,,,,,,,,,,,,,,,,,,,,,,,,,,,,21-11-18,1132,1132,21-11-18,100773,20004,72338,21-11-18,526557,,,,,,,,,,,,,,,,,,,,,,,,,,,,,,,,,,,,,,,,,,,,,,,,,,,,,,,,,Y,,,,,,PURCHASE_TRANSACTION,,,,,,,,,,,,,,,,,,,,,,,,,,,,,,,,,,
02,41007,1,ITEM,,,IMPORTED,101,,,,,,,,Y,NOT_MATCHED,,,,,,31375,,21-11-18,2018-11,N,,,,,2045,900,,,,,,REQUIRED,,N,,,,N,,,,,,,,,,,,,,,,N,,,,,,,,,,,,,,,,,,,,,,,,,,,,,,,,,,,,,,21-11-18,1132,1132,21-11-18,100773,20004,72338,21-11-18,526557,,,,,,,,,,,,,,,,,,,,,,,,,,,,,,,,,,,,,,,,,,,,,,,,,,,,,,,,,Y,,,,,,PURCHASE_TRANSACTION,,,,,,,,,,,,,,,,,,,,,,,,,,,,,,,,,,
02,41008,1,ITEM,,,IMPORTED,101,,,,,,,,Y,NOT_MATCHED,,,,,,31375,,22-11-18,2018-11,N,,,,,2045,900,,,,,,REQUIRED,,N,,,,N,,,,,,,,,,,,,,,,N,,,,,,,,,,,,,,,,,,,,,,,,,,,,,,,,,,,,,,22-11-18,1132,1132,22-11-18,100807,20004,72338,22-11-18,526590,,,,,,,,,,,,,,,,,,,,,,,,,,,,,,,,,,,,,,,,,,,,,,,,,,,,,,,,,Y,,,,,,PURCHASE_TRANSACTION,,,,,,,,,,,,,,,,,,,,,,,,,,,,,,,,,,
02,41008,1,ITEM,,,IMPORTED,101,,,,,,,,Y,NOT_MATCHED,,,,,,31375,,22-11-18,2018-11,N,,,,,2045,900,,,,,,REQUIRED,,N,,,,N,,,,,,,,,,,,,,,,N,,,,,,,,,,,,,,,,,,,,,,,,,,,,,,,,,,,,,,22-11-18,1132,1132,22-11-18,100807,20004,72338,22-11-18,526590,,,,,,,,,,,,,,,,,,,,,,,,,,,,,,,,,,,,,,,,,,,,,,,,,,,,,,,,,Y,,,,,,PURCHASE_TRANSACTION,,,,,,,,,,,,,,,,,,,,,,,,,,,,,,,,,,
02,41008,1,ITEM,,,IMPORTED,101,,,,,,,,Y,NOT_MATCHED,,,,,,31375,,22-11-18,2018-11,N,,,,,2045,900,,,,,,REQUIRED,,N,,,,N,,,,,,,,,,,,,,,,N,,,,,,,,,,,,,,,,,,,,,,,,,,,,,,,,,,,,,,22-11-18,1132,1132,22-11-18,100807,20004,72338,22-11-18,526590,,,,,,,,,,,,,,,,,,,,,,,,,,,,,,,,,,,,,,,,,,,,,,,,,,,,,,,,,Y,,,,,,PURCHASE_TRANSACTION,,,,,,,,,,,,,,,,,,,,,,,,,,,,,,,,,,
02,41009,1,ITEM,,,IMPORTED,101,,,,,,,,Y,NOT_MATCHED,,,,,,31375,,22-11-18,2018-11,N,,,,,2045,900,,,,,,REQUIRED,,N,,,,N,,,,,,,,,,,,,,,,N,,,,,,,,,,,,,,,,,,,,,,,,,,,,,,,,,,,,,,22-11-18,1132,1132,22-11-18,100809,20004,72338,22-11-18,526592,,,,,,,,,,,,,,,,,,,,,,,,,,,,,,,,,,,,,,,,,,,,,,,,,,,,,,,,,Y,,,,,,PURCHASE_TRANSACTION,,,,,,,,,,,,,,,,,,,,,,,,,,,,,,,,,,
02,41009,1,ITEM,,,IMPORTED,101,,,,,,,,Y,NOT_MATCHED,,,,,,31375,,22-11-18,2018-11,N,,,,,2045,900,,,,,,REQUIRED,,N,,,,N,,,,,,,,,,,,,,,,N,,,,,,,,,,,,,,,,,,,,,,,,,,,,,,,,,,,,,,22-11-18,1132,1132,22-11-18,100809,20004,72338,22-11-18,526592,,,,,,,,,,,,,,,,,,,,,,,,,,,,,,,,,,,,,,,,,,,,,,,,,,,,,,,,,Y,,,,,,PURCHASE_TRANSACTION,,,,,,,,,,,,,,,,,,,,,,,,,,,,,,,,,,
02,41009,1,ITEM,,,IMPORTED,101,,,,,,,,Y,NOT_MATCHED,,,,,,31375,,22-11-18,2018-11,N,,,,,2045,900,,,,,,REQUIRED,,N,,,,N,,,,,,,,,,,,,,,,N,,,,,,,,,,,,,,,,,,,,,,,,,,,,,,,,,,,,,,22-11-18,1132,1132,22-11-18,100809,20004,72338,22-11-18,526592,,,,,,,,,,,,,,,,,,,,,,,,,,,,,,,,,,,,,,,,,,,,,,,,,,,,,,,,,Y,,,,,,PURCHASE_TRANSACTION,,,,,,,,,,,,,,,,,,,,,,,,,,,,,,,,,,
02,41010,1,ITEM,,1020101人力行政部（北京）王晓春差旅费,IMPORTED,101,,,,,,,,Y,NOT_MATCHED,,,,,,31375,,22-11-18,2018-11,N,,,,,2045,900,,,,,,REQUIRED,,N,,,,N,,,,,,,,,,,,,,,,N,,,,,,,,,,,,,,,,,,,,,,,,,,,,,,,,,,,,,,22-11-18,1132,1132,22-11-18,100810,20004,72338,22-11-18,526593,,,,,,,,,,,,,,,,,,,,,,,,,,,,,,,,,,,,,,,,,,,,,,,,,,,,,,,,,Y,,,,,,PURCHASE_TRANSACTION,,,,,,,,,,,,,,,,,,,,,,,,,,,,,,,,,,
02,41010,1,ITEM,,1020101人力行政部（北京）王晓春差旅费,IMPORTED,101,,,,,,,,Y,NOT_MATCHED,,,,,,31375,,22-11-18,2018-11,N,,,,,2045,900,,,,,,REQUIRED,,N,,,,N,,,,,,,,,,,,,,,,N,,,,,,,,,,,,,,,,,,,,,,,,,,,,,,,,,,,,,,22-11-18,1132,1132,22-11-18,100810,20004,72338,22-11-18,526593,,,,,,,,,,,,,,,,,,,,,,,,,,,,,,,,,,,,,,,,,,,,,,,,,,,,,,,,,Y,,,,,,PURCHASE_TRANSACTION,,,,,,,,,,,,,,,,,,,,,,,,,,,,,,,,,,
02,41010,1,ITEM,,1020101人力行政部（北京）王晓春差旅费,IMPORTED,101,,,,,,,,Y,NOT_MATCHED,,,,,,31375,,22-11-18,2018-11,N,,,,,2045,900,,,,,,REQUIRED,,N,,,,N,,,,,,,,,,,,,,,,N,,,,,,,,,,,,,,,,,,,,,,,,,,,,,,,,,,,,,,22-11-18,1132,1132,22-11-18,100810,20004,72338,22-11-18,526593,,,,,,,,,,,,,,,,,,,,,,,,,,,,,,,,,,,,,,,,,,,,,,,,,,,,,,,,,Y,,,,,,PURCHASE_TRANSACTION,,,,,,,,,,,,,,,,,,,,,,,,,,,,,,,,,,
02,41011,1,ITEM,,1020101人力行政部（北京）王晓春差旅费,IMPORTED,101,,,,,,,,Y,NOT_MATCHED,,,,,,31375,,22-11-18,2018-11,N,,,,,2045,900,,,,,,REQUIRED,,N,,,,N,,,,,,,,,,,,,,,,N,,,,,,,,,,,,,,,,,,,,,,,,,,,,,,,,,,,,,,22-11-18,1132,1132,22-11-18,100811,20004,72338,22-11-18,526594,,,,,,,,,,,,,,,,,,,,,,,,,,,,,,,,,,,,,,,,,,,,,,,,,,,,,,,,,Y,,,,,,PURCHASE_TRANSACTION,,,,,,,,,,,,,,,,,,,,,,,,,,,,,,,,,,
02,41011,1,ITEM,,1020101人力行政部（北京）王晓春差旅费,IMPORTED,101,,,,,,,,Y,NOT_MATCHED,,,,,,31375,,22-11-18,2018-11,N,,,,,2045,900,,,,,,REQUIRED,,N,,,,N,,,,,,,,,,,,,,,,N,,,,,,,,,,,,,,,,,,,,,,,,,,,,,,,,,,,,,,22-11-18,1132,1132,22-11-18,100811,20004,72338,22-11-18,526594,,,,,,,,,,,,,,,,,,,,,,,,,,,,,,,,,,,,,,,,,,,,,,,,,,,,,,,,,Y,,,,,,PURCHASE_TRANSACTION,,,,,,,,,,,,,,,,,,,,,,,,,,,,,,,,,,
02,41011,1,ITEM,,1020101人力行政部（北京）王晓春差旅费,IMPORTED,101,,,,,,,,Y,NOT_MATCHED,,,,,,31375,,22-11-18,2018-11,N,,,,,2045,900,,,,,,REQUIRED,,N,,,,N,,,,,,,,,,,,,,,,N,,,,,,,,,,,,,,,,,,,,,,,,,,,,,,,,,,,,,,22-11-18,1132,1132,22-11-18,100811,20004,72338,22-11-18,526594,,,,,,,,,,,,,,,,,,,,,,,,,,,,,,,,,,,,,,,,,,,,,,,,,,,,,,,,,Y,,,,,,PURCHASE_TRANSACTION,,,,,,,,,,,,,,,,,,,,,,,,,,,,,,,,,,
02,41012,1,ITEM,,1020101人力行政部（北京）王晓春差旅费,IMPORTED,101,,,,,,,,Y,NOT_MATCHED,,,,,,31375,,22-11-18,2018-11,N,,,,,2045,900,,,,,,REQUIRED,,N,,,,N,,,,,,,,,,,,,,,,N,,,,,,,,,,,,,,,,,,,,,,,,,,,,,,,,,,,,,,22-11-18,1132,1132,22-11-18,100812,20004,72338,22-11-18,526595,,,,,,,,,,,,,,,,,,,,,,,,,,,,,,,,,,,,,,,,,,,,,,,,,,,,,,,,,Y,,,,,,PURCHASE_TRANSACTION,,,,,,,,,,,,,,,,,,,,,,,,,,,,,,,,,,
02,41012,1,ITEM,,1020101人力行政部（北京）王晓春差旅费,IMPORTED,101,,,,,,,,Y,NOT_MATCHED,,,,,,31375,,22-11-18,2018-11,N,,,,,2045,900,,,,,,REQUIRED,,N,,,,N,,,,,,,,,,,,,,,,N,,,,,,,,,,,,,,,,,,,,,,,,,,,,,,,,,,,,,,22-11-18,1132,1132,22-11-18,100812,20004,72338,22-11-18,526595,,,,,,,,,,,,,,,,,,,,,,,,,,,,,,,,,,,,,,,,,,,,,,,,,,,,,,,,,Y,,,,,,PURCHASE_TRANSACTION,,,,,,,,,,,,,,,,,,,,,,,,,,,,,,,,,,
02,41012,1,ITEM,,1020101人力行政部（北京）王晓春差旅费,IMPORTED,101,,,,,,,,Y,NOT_MATCHED,,,,,,31375,,22-11-18,2018-11,N,,,,,2045,900,,,,,,REQUIRED,,N,,,,N,,,,,,,,,,,,,,,,N,,,,,,,,,,,,,,,,,,,,,,,,,,,,,,,,,,,,,,22-11-18,1132,1132,22-11-18,100812,20004,72338,22-11-18,526595,,,,,,,,,,,,,,,,,,,,,,,,,,,,,,,,,,,,,,,,,,,,,,,,,,,,,,,,,Y,,,,,,PURCHASE_TRANSACTION,,,,,,,,,,,,,,,,,,,,,,,,,,,,,,,,,,
02,41013,1,ITEM,,,IMPORTED,101,,,,,,,,Y,NOT_MATCHED,,,,,,31375,,22-11-18,2018-11,N,,,,,2045,900,,,,,,REQUIRED,,N,,,,N,,,,,,,,,,,,,,,,N,,,,,,,,,,,,,,,,,,,,,,,,,,,,,,,,,,,,,,22-11-18,1132,1132,22-11-18,100815,20004,72338,22-11-18,526598,,,,,,,,,,,,,,,,,,,,,,,,,,,,,,,,,,,,,,,,,,,,,,,,,,,,,,,,,Y,,,,,,PURCHASE_TRANSACTION,,,,,,,,,,,,,,,,,,,,,,,,,,,,,,,,,,
02,41013,1,ITEM,,,IMPORTED,101,,,,,,,,Y,NOT_MATCHED,,,,,,31375,,22-11-18,2018-11,N,,,,,2045,900,,,,,,REQUIRED,,N,,,,N,,,,,,,,,,,,,,,,N,,,,,,,,,,,,,,,,,,,,,,,,,,,,,,,,,,,,,,22-11-18,1132,1132,22-11-18,100815,20004,72338,22-11-18,526598,,,,,,,,,,,,,,,,,,,,,,,,,,,,,,,,,,,,,,,,,,,,,,,,,,,,,,,,,Y,,,,,,PURCHASE_TRANSACTION,,,,,,,,,,,,,,,,,,,,,,,,,,,,,,,,,,
02,41013,1,ITEM,,,IMPORTED,101,,,,,,,,Y,NOT_MATCHED,,,,,,31375,,22-11-18,2018-11,N,,,,,2045,900,,,,,,REQUIRED,,N,,,,N,,,,,,,,,,,,,,,,N,,,,,,,,,,,,,,,,,,,,,,,,,,,,,,,,,,,,,,22-11-18,1132,1132,22-11-18,100815,20004,72338,22-11-18,526598,,,,,,,,,,,,,,,,,,,,,,,,,,,,,,,,,,,,,,,,,,,,,,,,,,,,,,,,,Y,,,,,,PURCHASE_TRANSACTION,,,,,,,,,,,,,,,,,,,,,,,,,,,,,,,,,,
02,41014,1,ITEM,,,IMPORTED,101,,,,,,,,Y,NOT_MATCHED,,,,,,31375,,22-11-18,2018-11,N,,,,,2045,900,,,,,,REQUIRED,,N,,,,N,,,,,,,,,,,,,,,,N,,,,,,,,,,,,,,,,,,,,,,,,,,,,,,,,,,,,,,22-11-18,1132,1132,22-11-18,100816,20004,72338,22-11-18,526599,,,,,,,,,,,,,,,,,,,,,,,,,,,,,,,,,,,,,,,,,,,,,,,,,,,,,,,,,Y,,,,,,PURCHASE_TRANSACTION,,,,,,,,,,,,,,,,,,,,,,,,,,,,,,,,,,
02,41014,1,ITEM,,,IMPORTED,101,,,,,,,,Y,NOT_MATCHED,,,,,,31375,,22-11-18,2018-11,N,,,,,2045,900,,,,,,REQUIRED,,N,,,,N,,,,,,,,,,,,,,,,N,,,,,,,,,,,,,,,,,,,,,,,,,,,,,,,,,,,,,,22-11-18,1132,1132,22-11-18,100816,20004,72338,22-11-18,526599,,,,,,,,,,,,,,,,,,,,,,,,,,,,,,,,,,,,,,,,,,,,,,,,,,,,,,,,,Y,,,,,,PURCHASE_TRANSACTION,,,,,,,,,,,,,,,,,,,,,,,,,,,,,,,,,,
02,41014,1,ITEM,,,IMPORTED,101,,,,,,,,Y,NOT_MATCHED,,,,,,31375,,22-11-18,2018-11,N,,,,,2045,900,,,,,,REQUIRED,,N,,,,N,,,,,,,,,,,,,,,,N,,,,,,,,,,,,,,,,,,,,,,,,,,,,,,,,,,,,,,22-11-18,1132,1132,22-11-18,100816,20004,72338,22-11-18,526599,,,,,,,,,,,,,,,,,,,,,,,,,,,,,,,,,,,,,,,,,,,,,,,,,,,,,,,,,Y,,,,,,PURCHASE_TRANSACTION,,,,,,,,,,,,,,,,,,,,,,,,,,,,,,,,,,
02,41015,1,ITEM,,,IMPORTED,101,,,,,,,,Y,NOT_MATCHED,,,,,,31375,,22-11-18,2018-11,N,,,,,2045,900,,,,,,REQUIRED,,N,,,,N,,,,,,,,,,,,,,,,N,,,,,,,,,,,,,,,,,,,,,,,,,,,,,,,,,,,,,,22-11-18,1132,1132,22-11-18,100827,20004,72338,22-11-18,526606,,,,,,,,,,,,,,,,,,,,,,,,,,,,,,,,,,,,,,,,,,,,,,,,,,,,,,,,,Y,,,,,,PURCHASE_TRANSACTION,,,,,,,,,,,,,,,,,,,,,,,,,,,,,,,,,,
02,41015,1,ITEM,,,IMPORTED,101,,,,,,,,Y,NOT_MATCHED,,,,,,31375,,22-11-18,2018-11,N,,,,,2045,900,,,,,,REQUIRED,,N,,,,N,,,,,,,,,,,,,,,,N,,,,,,,,,,,,,,,,,,,,,,,,,,,,,,,,,,,,,,22-11-18,1132,1132,22-11-18,100827,20004,72338,22-11-18,526606,,,,,,,,,,,,,,,,,,,,,,,,,,,,,,,,,,,,,,,,,,,,,,,,,,,,,,,,,Y,,,,,,PURCHASE_TRANSACTION,,,,,,,,,,,,,,,,,,,,,,,,,,,,,,,,,,
02,41015,1,ITEM,,,IMPORTED,101,,,,,,,,Y,NOT_MATCHED,,,,,,31375,,22-11-18,2018-11,N,,,,,2045,900,,,,,,REQUIRED,,N,,,,N,,,,,,,,,,,,,,,,N,,,,,,,,,,,,,,,,,,,,,,,,,,,,,,,,,,,,,,22-11-18,1132,1132,22-11-18,100827,20004,72338,22-11-18,526606,,,,,,,,,,,,,,,,,,,,,,,,,,,,,,,,,,,,,,,,,,,,,,,,,,,,,,,,,Y,,,,,,PURCHASE_TRANSACTION,,,,,,,,,,,,,,,,,,,,,,,,,,,,,,,,,,
02,41016,1,ITEM,,,IMPORTED,142,,,,,,,,Y,NOT_MATCHED,,,,,,35392,,22-11-18,2018-11,N,,,,,2088,900,,,,,,NOTREQUIRED,,N,,,,N,,,,,,,,,,,,,,,,N,,,,,,,,,,,,,,,,,,,,,,,,,,,,,,,,,,,,,,22-11-18,1132,1192,22-11-18,100874,20004,72338,22-11-18,526644,,,,,,,,,,,,,,,,,,,,,,,,,,,,,,,,,,,,,,,,,,,,,,,,,,,,,,,,,Y,,,,,,PURCHASE_TRANSACTION,,,,,,,,,,,,,,,,,,,,,,,,,,,,,,,,,,
02,41016,1,ITEM,,,IMPORTED,142,,,,,,,,Y,NOT_MATCHED,,,,,,35392,,22-11-18,2018-11,N,,,,,2088,900,,,,,,NOTREQUIRED,,N,,,,N,,,,,,,,,,,,,,,,N,,,,,,,,,,,,,,,,,,,,,,,,,,,,,,,,,,,,,,22-11-18,1132,1192,22-11-18,100874,20004,72338,22-11-18,526644,,,,,,,,,,,,,,,,,,,,,,,,,,,,,,,,,,,,,,,,,,,,,,,,,,,,,,,,,Y,,,,,,PURCHASE_TRANSACTION,,,,,,,,,,,,,,,,,,,,,,,,,,,,,,,,,,
02,41016,1,ITEM,,,IMPORTED,142,,,,,,,,Y,NOT_MATCHED,,,,,,35392,,22-11-18,2018-11,N,,,,,2088,900,,,,,,NOTREQUIRED,,N,,,,N,,,,,,,,,,,,,,,,N,,,,,,,,,,,,,,,,,,,,,,,,,,,,,,,,,,,,,,22-11-18,1132,1192,22-11-18,100874,20004,72338,22-11-18,526644,,,,,,,,,,,,,,,,,,,,,,,,,,,,,,,,,,,,,,,,,,,,,,,,,,,,,,,,,Y,,,,,,PURCHASE_TRANSACTION,,,,,,,,,,,,,,,,,,,,,,,,,,,,,,,,,,
02,41016,1,ITEM,,,IMPORTED,142,,,,,,,,Y,NOT_MATCHED,,,,,,35392,,22-11-18,2018-11,N,,,,,2088,900,,,,,,NOTREQUIRED,,N,,,,N,,,,,,,,,,,,,,,,N,,,,,,,,,,,,,,,,,,,,,,,,,,,,,,,,,,,,,,22-11-18,1132,1192,22-11-18,100874,20004,72338,22-11-18,526644,,,,,,,,,,,,,,,,,,,,,,,,,,,,,,,,,,,,,,,,,,,,,,,,,,,,,,,,,Y,,,,,,PURCHASE_TRANSACTION,,,,,,,,,,,,,,,,,,,,,,,,,,,,,,,,,,
02,41016,1,ITEM,,,IMPORTED,142,,,,,,,,Y,NOT_MATCHED,,,,,,35392,,22-11-18,2018-11,N,,,,,2088,900,,,,,,NOTREQUIRED,,N,,,,N,,,,,,,,,,,,,,,,N,,,,,,,,,,,,,,,,,,,,,,,,,,,,,,,,,,,,,,22-11-18,1132,1192,22-11-18,100874,20004,72338,22-11-18,526644,,,,,,,,,,,,,,,,,,,,,,,,,,,,,,,,,,,,,,,,,,,,,,,,,,,,,,,,,Y,,,,,,PURCHASE_TRANSACTION,,,,,,,,,,,,,,,,,,,,,,,,,,,,,,,,,,
02,41016,1,ITEM,,,IMPORTED,142,,,,,,,,Y,NOT_MATCHED,,,,,,35392,,22-11-18,2018-11,N,,,,,2088,900,,,,,,NOTREQUIRED,,N,,,,N,,,,,,,,,,,,,,,,N,,,,,,,,,,,,,,,,,,,,,,,,,,,,,,,,,,,,,,22-11-18,1132,1192,22-11-18,100874,20004,72338,22-11-18,526644,,,,,,,,,,,,,,,,,,,,,,,,,,,,,,,,,,,,,,,,,,,,,,,,,,,,,,,,,Y,,,,,,PURCHASE_TRANSACTION,,,,,,,,,,,,,,,,,,,,,,,,,,,,,,,,,,
02,41017,1,ITEM,,,IMPORTED,142,,,,,,,,Y,NOT_MATCHED,,,,,,35392,,22-11-18,2018-11,N,,,,,2088,900,,,,,,NOTREQUIRED,,N,,,,N,,,,,,,,,,,,,,,,N,,,,,,,,,,,,,,,,,,,,,,,,,,,,,,,,,,,,,,22-11-18,1132,1192,28-11-18,101465,20004,72338,22-11-18,526656,,,,,,,,,,,,,,,,,,,,,,,,,,,,,,,,,,,,,,,,,,,,,,,,,,,,,,,,,Y,,,,,,PURCHASE_TRANSACTION,,,,,,,,,,,,,,,,,,,,,,,,,,,,,,,,,,
02,41017,1,ITEM,,,IMPORTED,142,,,,,,,,Y,NOT_MATCHED,,,,,,35392,,22-11-18,2018-11,N,,,,,2088,900,,,,,,NOTREQUIRED,,N,,,,N,,,,,,,,,,,,,,,,N,,,,,,,,,,,,,,,,,,,,,,,,,,,,,,,,,,,,,,22-11-18,1132,1192,28-11-18,101465,20004,72338,22-11-18,526656,,,,,,,,,,,,,,,,,,,,,,,,,,,,,,,,,,,,,,,,,,,,,,,,,,,,,,,,,Y,,,,,,PURCHASE_TRANSACTION,,,,,,,,,,,,,,,,,,,,,,,,,,,,,,,,,,
02,41017,1,ITEM,,,IMPORTED,142,,,,,,,,Y,NOT_MATCHED,,,,,,35392,,22-11-18,2018-11,N,,,,,2088,900,,,,,,NOTREQUIRED,,N,,,,N,,,,,,,,,,,,,,,,N,,,,,,,,,,,,,,,,,,,,,,,,,,,,,,,,,,,,,,22-11-18,1132,1192,28-11-18,101465,20004,72338,22-11-18,526656,,,,,,,,,,,,,,,,,,,,,,,,,,,,,,,,,,,,,,,,,,,,,,,,,,,,,,,,,Y,,,,,,PURCHASE_TRANSACTION,,,,,,,,,,,,,,,,,,,,,,,,,,,,,,,,,,
02,41017,1,ITEM,,,IMPORTED,142,,,,,,,,Y,NOT_MATCHED,,,,,,35392,,22-11-18,2018-11,N,,,,,2088,900,,,,,,NOTREQUIRED,,N,,,,N,,,,,,,,,,,,,,,,N,,,,,,,,,,,,,,,,,,,,,,,,,,,,,,,,,,,,,,22-11-18,1132,1192,28-11-18,101465,20004,72338,22-11-18,526656,,,,,,,,,,,,,,,,,,,,,,,,,,,,,,,,,,,,,,,,,,,,,,,,,,,,,,,,,Y,,,,,,PURCHASE_TRANSACTION,,,,,,,,,,,,,,,,,,,,,,,,,,,,,,,,,,
02,41017,1,ITEM,,,IMPORTED,142,,,,,,,,Y,NOT_MATCHED,,,,,,35392,,22-11-18,2018-11,N,,,,,2088,900,,,,,,NOTREQUIRED,,N,,,,N,,,,,,,,,,,,,,,,N,,,,,,,,,,,,,,,,,,,,,,,,,,,,,,,,,,,,,,22-11-18,1132,1192,28-11-18,101465,20004,72338,22-11-18,526656,,,,,,,,,,,,,,,,,,,,,,,,,,,,,,,,,,,,,,,,,,,,,,,,,,,,,,,,,Y,,,,,,PURCHASE_TRANSACTION,,,,,,,,,,,,,,,,,,,,,,,,,,,,,,,,,,
02,41017,1,ITEM,,,IMPORTED,142,,,,,,,,Y,NOT_MATCHED,,,,,,35392,,22-11-18,2018-11,N,,,,,2088,900,,,,,,NOTREQUIRED,,N,,,,N,,,,,,,,,,,,,,,,N,,,,,,,,,,,,,,,,,,,,,,,,,,,,,,,,,,,,,,22-11-18,1132,1192,28-11-18,101465,20004,72338,22-11-18,526656,,,,,,,,,,,,,,,,,,,,,,,,,,,,,,,,,,,,,,,,,,,,,,,,,,,,,,,,,Y,,,,,,PURCHASE_TRANSACTION,,,,,,,,,,,,,,,,,,,,,,,,,,,,,,,,,,
02,41018,1,ITEM,,,IMPORTED,142,,,,,,,,D,NOT_MATCHED,,,,,,35392,,22-11-18,2018-11,N,,,,,2088,900,,,,,,REQUIRED,,N,,,,N,,,,,,,,,,,,,,,,N,,,,,,,,,,,,,,,,,,,,,,,,,,,,,,,,,,,,,,22-11-18,1132,1132,22-11-18,100890,20004,72338,22-11-18,526659,,,,,,,,,,,,,,,,,,,,,,,,,,,,,,,,,,,,,,,,,,,,,,,,,,,,,,,,,Y,,,,,,PURCHASE_TRANSACTION,,,,,,,,,,,,,,,,,,,,,,,,,,,,,,,,,,
02,41020,1,ITEM,,,IMPORTED,142,,,,,,,,Y,NOT_MATCHED,,,,,,35392,,22-11-18,2018-11,N,,,,,2088,900,,,,,,REQUIRED,,N,,,,N,,,,,,,,,,,,,,,,N,,,,,,,,,,,,,,,,,,,,,,,,,,,,,,,,,,,,,,22-11-18,1132,1132,22-11-18,100897,20004,72338,22-11-18,526665,,,,,,,,,,,,,,,,,,,,,,,,,,,,,,,,,,,,,,,,,,,,,,,,,,,,,,,,,Y,,,,,,PURCHASE_TRANSACTION,,,,,,,,,,,,,,,,,,,,,,,,,,,,,,,,,,
02,41020,1,ITEM,,,IMPORTED,142,,,,,,,,Y,NOT_MATCHED,,,,,,35392,,22-11-18,2018-11,N,,,,,2088,900,,,,,,REQUIRED,,N,,,,N,,,,,,,,,,,,,,,,N,,,,,,,,,,,,,,,,,,,,,,,,,,,,,,,,,,,,,,22-11-18,1132,1132,22-11-18,100897,20004,72338,22-11-18,526665,,,,,,,,,,,,,,,,,,,,,,,,,,,,,,,,,,,,,,,,,,,,,,,,,,,,,,,,,Y,,,,,,PURCHASE_TRANSACTION,,,,,,,,,,,,,,,,,,,,,,,,,,,,,,,,,,
02,41020,1,ITEM,,,IMPORTED,142,,,,,,,,Y,NOT_MATCHED,,,,,,35392,,22-11-18,2018-11,N,,,,,2088,900,,,,,,REQUIRED,,N,,,,N,,,,,,,,,,,,,,,,N,,,,,,,,,,,,,,,,,,,,,,,,,,,,,,,,,,,,,,22-11-18,1132,1132,22-11-18,100897,20004,72338,22-11-18,526665,,,,,,,,,,,,,,,,,,,,,,,,,,,,,,,,,,,,,,,,,,,,,,,,,,,,,,,,,Y,,,,,,PURCHASE_TRANSACTION,,,,,,,,,,,,,,,,,,,,,,,,,,,,,,,,,,
02,41020,1,ITEM,,,IMPORTED,142,,,,,,,,Y,NOT_MATCHED,,,,,,35392,,22-11-18,2018-11,N,,,,,2088,900,,,,,,REQUIRED,,N,,,,N,,,,,,,,,,,,,,,,N,,,,,,,,,,,,,,,,,,,,,,,,,,,,,,,,,,,,,,22-11-18,1132,1132,22-11-18,100897,20004,72338,22-11-18,526665,,,,,,,,,,,,,,,,,,,,,,,,,,,,,,,,,,,,,,,,,,,,,,,,,,,,,,,,,Y,,,,,,PURCHASE_TRANSACTION,,,,,,,,,,,,,,,,,,,,,,,,,,,,,,,,,,
02,41020,1,ITEM,,,IMPORTED,142,,,,,,,,Y,NOT_MATCHED,,,,,,35392,,22-11-18,2018-11,N,,,,,2088,900,,,,,,REQUIRED,,N,,,,N,,,,,,,,,,,,,,,,N,,,,,,,,,,,,,,,,,,,,,,,,,,,,,,,,,,,,,,22-11-18,1132,1132,22-11-18,100897,20004,72338,22-11-18,526665,,,,,,,,,,,,,,,,,,,,,,,,,,,,,,,,,,,,,,,,,,,,,,,,,,,,,,,,,Y,,,,,,PURCHASE_TRANSACTION,,,,,,,,,,,,,,,,,,,,,,,,,,,,,,,,,,
02,41020,1,ITEM,,,IMPORTED,142,,,,,,,,Y,NOT_MATCHED,,,,,,35392,,22-11-18,2018-11,N,,,,,2088,900,,,,,,REQUIRED,,N,,,,N,,,,,,,,,,,,,,,,N,,,,,,,,,,,,,,,,,,,,,,,,,,,,,,,,,,,,,,22-11-18,1132,1132,22-11-18,100897,20004,72338,22-11-18,526665,,,,,,,,,,,,,,,,,,,,,,,,,,,,,,,,,,,,,,,,,,,,,,,,,,,,,,,,,Y,,,,,,PURCHASE_TRANSACTION,,,,,,,,,,,,,,,,,,,,,,,,,,,,,,,,,,
02,41021,1,ITEM,,,IMPORTED,142,,,,,,,,Y,NOT_MATCHED,,,,,,35392,,22-11-18,2018-11,N,,,,,2088,900,,,,,,REQUIRED,,N,,,,N,,,,,,,,,,,,,,,,N,,,,,,,,,,,,,,,,,,,,,,,,,,,,,,,,,,,,,,22-11-18,1132,1132,22-11-18,100899,20004,72338,22-11-18,526667,,,,,,,,,,,,,,,,,,,,,,,,,,,,,,,,,,,,,,,,,,,,,,,,,,,,,,,,,Y,,,,,,PURCHASE_TRANSACTION,,,,,,,,,,,,,,,,,,,,,,,,,,,,,,,,,,
02,41021,1,ITEM,,,IMPORTED,142,,,,,,,,Y,NOT_MATCHED,,,,,,35392,,22-11-18,2018-11,N,,,,,2088,900,,,,,,REQUIRED,,N,,,,N,,,,,,,,,,,,,,,,N,,,,,,,,,,,,,,,,,,,,,,,,,,,,,,,,,,,,,,22-11-18,1132,1132,22-11-18,100899,20004,72338,22-11-18,526667,,,,,,,,,,,,,,,,,,,,,,,,,,,,,,,,,,,,,,,,,,,,,,,,,,,,,,,,,Y,,,,,,PURCHASE_TRANSACTION,,,,,,,,,,,,,,,,,,,,,,,,,,,,,,,,,,
02,41021,1,ITEM,,,IMPORTED,142,,,,,,,,Y,NOT_MATCHED,,,,,,35392,,22-11-18,2018-11,N,,,,,2088,900,,,,,,REQUIRED,,N,,,,N,,,,,,,,,,,,,,,,N,,,,,,,,,,,,,,,,,,,,,,,,,,,,,,,,,,,,,,22-11-18,1132,1132,22-11-18,100899,20004,72338,22-11-18,526667,,,,,,,,,,,,,,,,,,,,,,,,,,,,,,,,,,,,,,,,,,,,,,,,,,,,,,,,,Y,,,,,,PURCHASE_TRANSACTION,,,,,,,,,,,,,,,,,,,,,,,,,,,,,,,,,,
02,41021,1,ITEM,,,IMPORTED,142,,,,,,,,Y,NOT_MATCHED,,,,,,35392,,22-11-18,2018-11,N,,,,,2088,900,,,,,,REQUIRED,,N,,,,N,,,,,,,,,,,,,,,,N,,,,,,,,,,,,,,,,,,,,,,,,,,,,,,,,,,,,,,22-11-18,1132,1132,22-11-18,100899,20004,72338,22-11-18,526667,,,,,,,,,,,,,,,,,,,,,,,,,,,,,,,,,,,,,,,,,,,,,,,,,,,,,,,,,Y,,,,,,PURCHASE_TRANSACTION,,,,,,,,,,,,,,,,,,,,,,,,,,,,,,,,,,
02,41021,1,ITEM,,,IMPORTED,142,,,,,,,,Y,NOT_MATCHED,,,,,,35392,,22-11-18,2018-11,N,,,,,2088,900,,,,,,REQUIRED,,N,,,,N,,,,,,,,,,,,,,,,N,,,,,,,,,,,,,,,,,,,,,,,,,,,,,,,,,,,,,,22-11-18,1132,1132,22-11-18,100899,20004,72338,22-11-18,526667,,,,,,,,,,,,,,,,,,,,,,,,,,,,,,,,,,,,,,,,,,,,,,,,,,,,,,,,,Y,,,,,,PURCHASE_TRANSACTION,,,,,,,,,,,,,,,,,,,,,,,,,,,,,,,,,,
02,41021,1,ITEM,,,IMPORTED,142,,,,,,,,Y,NOT_MATCHED,,,,,,35392,,22-11-18,2018-11,N,,,,,2088,900,,,,,,REQUIRED,,N,,,,N,,,,,,,,,,,,,,,,N,,,,,,,,,,,,,,,,,,,,,,,,,,,,,,,,,,,,,,22-11-18,1132,1132,22-11-18,100899,20004,72338,22-11-18,526667,,,,,,,,,,,,,,,,,,,,,,,,,,,,,,,,,,,,,,,,,,,,,,,,,,,,,,,,,Y,,,,,,PURCHASE_TRANSACTION,,,,,,,,,,,,,,,,,,,,,,,,,,,,,,,,,,
02,41022,1,ITEM,,,IMPORTED,142,,,,,,,,Y,NOT_MATCHED,,,,,,35392,,22-11-18,2018-11,N,,,,,2088,900,,,,,,REQUIRED,,N,,,,N,,,,,,,,,,,,,,,,N,,,,,,,,,,,,,,,,,,,,,,,,,,,,,,,,,,,,,,22-11-18,1132,1132,22-11-18,100900,20004,72338,22-11-18,526668,,,,,,,,,,,,,,,,,,,,,,,,,,,,,,,,,,,,,,,,,,,,,,,,,,,,,,,,,Y,,,,,,PURCHASE_TRANSACTION,,,,,,,,,,,,,,,,,,,,,,,,,,,,,,,,,,
02,41022,1,ITEM,,,IMPORTED,142,,,,,,,,Y,NOT_MATCHED,,,,,,35392,,22-11-18,2018-11,N,,,,,2088,900,,,,,,REQUIRED,,N,,,,N,,,,,,,,,,,,,,,,N,,,,,,,,,,,,,,,,,,,,,,,,,,,,,,,,,,,,,,22-11-18,1132,1132,22-11-18,100900,20004,72338,22-11-18,526668,,,,,,,,,,,,,,,,,,,,,,,,,,,,,,,,,,,,,,,,,,,,,,,,,,,,,,,,,Y,,,,,,PURCHASE_TRANSACTION,,,,,,,,,,,,,,,,,,,,,,,,,,,,,,,,,,
02,41022,1,ITEM,,,IMPORTED,142,,,,,,,,Y,NOT_MATCHED,,,,,,35392,,22-11-18,2018-11,N,,,,,2088,900,,,,,,REQUIRED,,N,,,,N,,,,,,,,,,,,,,,,N,,,,,,,,,,,,,,,,,,,,,,,,,,,,,,,,,,,,,,22-11-18,1132,1132,22-11-18,100900,20004,72338,22-11-18,526668,,,,,,,,,,,,,,,,,,,,,,,,,,,,,,,,,,,,,,,,,,,,,,,,,,,,,,,,,Y,,,,,,PURCHASE_TRANSACTION,,,,,,,,,,,,,,,,,,,,,,,,,,,,,,,,,,
02,41022,1,ITEM,,,IMPORTED,142,,,,,,,,Y,NOT_MATCHED,,,,,,35392,,22-11-18,2018-11,N,,,,,2088,900,,,,,,REQUIRED,,N,,,,N,,,,,,,,,,,,,,,,N,,,,,,,,,,,,,,,,,,,,,,,,,,,,,,,,,,,,,,22-11-18,1132,1132,22-11-18,100900,20004,72338,22-11-18,526668,,,,,,,,,,,,,,,,,,,,,,,,,,,,,,,,,,,,,,,,,,,,,,,,,,,,,,,,,Y,,,,,,PURCHASE_TRANSACTION,,,,,,,,,,,,,,,,,,,,,,,,,,,,,,,,,,
02,41022,1,ITEM,,,IMPORTED,142,,,,,,,,Y,NOT_MATCHED,,,,,,35392,,22-11-18,2018-11,N,,,,,2088,900,,,,,,REQUIRED,,N,,,,N,,,,,,,,,,,,,,,,N,,,,,,,,,,,,,,,,,,,,,,,,,,,,,,,,,,,,,,22-11-18,1132,1132,22-11-18,100900,20004,72338,22-11-18,526668,,,,,,,,,,,,,,,,,,,,,,,,,,,,,,,,,,,,,,,,,,,,,,,,,,,,,,,,,Y,,,,,,PURCHASE_TRANSACTION,,,,,,,,,,,,,,,,,,,,,,,,,,,,,,,,,,
02,41022,1,ITEM,,,IMPORTED,142,,,,,,,,Y,NOT_MATCHED,,,,,,35392,,22-11-18,2018-11,N,,,,,2088,900,,,,,,REQUIRED,,N,,,,N,,,,,,,,,,,,,,,,N,,,,,,,,,,,,,,,,,,,,,,,,,,,,,,,,,,,,,,22-11-18,1132,1132,22-11-18,100900,20004,72338,22-11-18,526668,,,,,,,,,,,,,,,,,,,,,,,,,,,,,,,,,,,,,,,,,,,,,,,,,,,,,,,,,Y,,,,,,PURCHASE_TRANSACTION,,,,,,,,,,,,,,,,,,,,,,,,,,,,,,,,,,
02,41023,1,ITEM,,,MANUALLINEENTRY,142,,,,,,,,D,NOT_MATCHED,,,,,,,N,10-10-18,2018-10,N,,,,,2088,200,,,,,,REQUIRED,,N,,,,N,,,,,,,,,,,,,,,,N,,,,,,,,,,,,,,,,,,,,,,,,,,,,,,,,,,,,,,26-11-18,1132,1132,26-11-18,101138,,,,,,,,,,,,,,,,,,,,,,,,,,,,,,,,,,,,,,,,,,,,,,,,,,,,,,,,,,,,,Y,,,,,,,,,,,,,,,,,,,,,,,,,,,,,,,,,,,,,,,,
02,41023,1,ITEM,,,MANUALLINEENTRY,142,,,,,,,,D,NOT_MATCHED,,,,,,,N,10-10-18,2018-10,N,,,,,2088,200,,,,,,REQUIRED,,N,,,,N,,,,,,,,,,,,,,,,N,,,,,,,,,,,,,,,,,,,,,,,,,,,,,,,,,,,,,,26-11-18,1132,1132,26-11-18,101138,,,,,,,,,,,,,,,,,,,,,,,,,,,,,,,,,,,,,,,,,,,,,,,,,,,,,,,,,,,,,Y,,,,,,,,,,,,,,,,,,,,,,,,,,,,,,,,,,,,,,,,
02,41023,1,ITEM,,,MANUALLINEENTRY,142,,,,,,,,D,NOT_MATCHED,,,,,,,N,10-10-18,2018-10,N,,,,,2088,200,,,,,,REQUIRED,,N,,,,N,,,,,,,,,,,,,,,,N,,,,,,,,,,,,,,,,,,,,,,,,,,,,,,,,,,,,,,26-11-18,1132,1132,26-11-18,101138,,,,,,,,,,,,,,,,,,,,,,,,,,,,,,,,,,,,,,,,,,,,,,,,,,,,,,,,,,,,,Y,,,,,,,,,,,,,,,,,,,,,,,,,,,,,,,,,,,,,,,,
02,41024,1,ITEM,,,MANUALLINEENTRY,142,,,,,,,,D,NOT_MATCHED,,,,,,,N,26-11-18,2018-11,N,,,,,2088,110,,,,,,NOTREQUIRED,,N,,,,N,,,,,,,,,,,,,,,,N,,,,,,,,,,,,,,,,,,,,,,,,,,,,,,,,,,,,,,26-11-18,1132,1192,26-11-18,101207,,,,,,,,,,,,,,,,,,,,,,,,,,,,,,,,,,,,,,,,,,,,,,,,,,,,,,,,,,,,,Y,,,,,,,,,,,,,,,,,,,,,,,,,,,,,,,,,,,,,,,,
02,41025,1,ITEM,,,IMPORTED,142,,,,,,,,Y,NOT_MATCHED,,,,,,35392,,27-11-18,2018-11,N,,,,,2088,900,,,,,,NOTREQUIRED,,N,,,,N,,,,,,,,,,,,,,,,N,,,,,,,,,,,,,,,,,,,,,,,,,,,,,,,,,,,,,,27-11-18,1132,1192,28-11-18,101465,20004,72338,27-11-18,527011,,,,,,,,,,,,,,,,,,,,,,,,,,,,,,,,,,,,,,,,,,,,,,,,,,,,,,,,,Y,,,,,,PURCHASE_TRANSACTION,,,,,,,,,,,,,,,,,,,,,,,,,,,,,,,,,,
02,41025,1,ITEM,,,IMPORTED,142,,,,,,,,Y,NOT_MATCHED,,,,,,35392,,27-11-18,2018-11,N,,,,,2088,900,,,,,,NOTREQUIRED,,N,,,,N,,,,,,,,,,,,,,,,N,,,,,,,,,,,,,,,,,,,,,,,,,,,,,,,,,,,,,,27-11-18,1132,1192,28-11-18,101465,20004,72338,27-11-18,527011,,,,,,,,,,,,,,,,,,,,,,,,,,,,,,,,,,,,,,,,,,,,,,,,,,,,,,,,,Y,,,,,,PURCHASE_TRANSACTION,,,,,,,,,,,,,,,,,,,,,,,,,,,,,,,,,,
02,41025,1,ITEM,,,IMPORTED,142,,,,,,,,Y,NOT_MATCHED,,,,,,35392,,27-11-18,2018-11,N,,,,,2088,900,,,,,,NOTREQUIRED,,N,,,,N,,,,,,,,,,,,,,,,N,,,,,,,,,,,,,,,,,,,,,,,,,,,,,,,,,,,,,,27-11-18,1132,1192,28-11-18,101465,20004,72338,27-11-18,527011,,,,,,,,,,,,,,,,,,,,,,,,,,,,,,,,,,,,,,,,,,,,,,,,,,,,,,,,,Y,,,,,,PURCHASE_TRANSACTION,,,,,,,,,,,,,,,,,,,,,,,,,,,,,,,,,,
02,41025,1,ITEM,,,IMPORTED,142,,,,,,,,Y,NOT_MATCHED,,,,,,35392,,27-11-18,2018-11,N,,,,,2088,900,,,,,,NOTREQUIRED,,N,,,,N,,,,,,,,,,,,,,,,N,,,,,,,,,,,,,,,,,,,,,,,,,,,,,,,,,,,,,,27-11-18,1132,1192,28-11-18,101465,20004,72338,27-11-18,527011,,,,,,,,,,,,,,,,,,,,,,,,,,,,,,,,,,,,,,,,,,,,,,,,,,,,,,,,,Y,,,,,,PURCHASE_TRANSACTION,,,,,,,,,,,,,,,,,,,,,,,,,,,,,,,,,,
02,41025,1,ITEM,,,IMPORTED,142,,,,,,,,Y,NOT_MATCHED,,,,,,35392,,27-11-18,2018-11,N,,,,,2088,900,,,,,,NOTREQUIRED,,N,,,,N,,,,,,,,,,,,,,,,N,,,,,,,,,,,,,,,,,,,,,,,,,,,,,,,,,,,,,,27-11-18,1132,1192,28-11-18,101465,20004,72338,27-11-18,527011,,,,,,,,,,,,,,,,,,,,,,,,,,,,,,,,,,,,,,,,,,,,,,,,,,,,,,,,,Y,,,,,,PURCHASE_TRANSACTION,,,,,,,,,,,,,,,,,,,,,,,,,,,,,,,,,,
02,41025,1,ITEM,,,IMPORTED,142,,,,,,,,Y,NOT_MATCHED,,,,,,35392,,27-11-18,2018-11,N,,,,,2088,900,,,,,,NOTREQUIRED,,N,,,,N,,,,,,,,,,,,,,,,N,,,,,,,,,,,,,,,,,,,,,,,,,,,,,,,,,,,,,,27-11-18,1132,1192,28-11-18,101465,20004,72338,27-11-18,527011,,,,,,,,,,,,,,,,,,,,,,,,,,,,,,,,,,,,,,,,,,,,,,,,,,,,,,,,,Y,,,,,,PURCHASE_TRANSACTION,,,,,,,,,,,,,,,,,,,,,,,,,,,,,,,,,,
02,41027,1,ITEM,,接口内测行摘要,IMPORTED,142,,,,,,,,D,NOT_MATCHED,,,,,,35521,,27-11-18,2018-11,N,,,,,2088,99,,,,,,NOTREQUIRED,,N,,,,N,,,,,,,,,,,,,,,,N,,,,,,,,,,,,,,,,,,,,,,,,,,,,,,,,,,,,,,27-11-18,1132,1192,11-12-18,102891,20004,72338,27-11-18,527042,,,,,,,,,,,,,,,,,,,,,,,,,,,,,,,,,,,,,,,,,,,,,,,,,,,,,,,,,Y,,,,,,PURCHASE_TRANSACTION,,,,,,,,,,,,,,,,,,,,,,,,,,,,,,,,,,
02,41029,1,ITEM,,,IMPORTED,142,,,,,,,,N,NOT_MATCHED,,,,,,35393,,27-11-18,2018-11,N,,,,,2088,0,0,0,,,,REQUIRED,,,900,,,Y,,,,,,,,,,,,,,,,N,,,,,,,,,,,,,,,,,,,,,,,,,,,,,,,,,,,,,,27-11-18,1132,1132,28-11-18,101320,20004,72338,27-11-18,527044,,,,,,,,,,,,,,,,,,,,,,,,,,,,,,,,,,,,,,,,,,,,,,,,,,,,,,,0,,Y,,,,,,PURCHASE_TRANSACTION,,,,,,,,,,,,,,,,,,0,0,,,,,,,,,,,,,,,
02,41029,1,ITEM,,,IMPORTED,142,,,,,,,,N,NOT_MATCHED,,,,,,35393,,27-11-18,2018-11,N,,,,,2088,0,0,0,,,,REQUIRED,,,900,,,Y,,,,,,,,,,,,,,,,N,,,,,,,,,,,,,,,,,,,,,,,,,,,,,,,,,,,,,,27-11-18,1132,1132,28-11-18,101320,20004,72338,27-11-18,527044,,,,,,,,,,,,,,,,,,,,,,,,,,,,,,,,,,,,,,,,,,,,,,,,,,,,,,,0,,Y,,,,,,PURCHASE_TRANSACTION,,,,,,,,,,,,,,,,,,0,0,,,,,,,,,,,,,,,
02,41029,1,ITEM,,,IMPORTED,142,,,,,,,,N,NOT_MATCHED,,,,,,35393,,27-11-18,2018-11,N,,,,,2088,0,0,0,,,,REQUIRED,,,900,,,Y,,,,,,,,,,,,,,,,N,,,,,,,,,,,,,,,,,,,,,,,,,,,,,,,,,,,,,,27-11-18,1132,1132,28-11-18,101320,20004,72338,27-11-18,527044,,,,,,,,,,,,,,,,,,,,,,,,,,,,,,,,,,,,,,,,,,,,,,,,,,,,,,,0,,Y,,,,,,PURCHASE_TRANSACTION,,,,,,,,,,,,,,,,,,0,0,,,,,,,,,,,,,,,
02,41029,1,ITEM,,,IMPORTED,142,,,,,,,,N,NOT_MATCHED,,,,,,35393,,27-11-18,2018-11,N,,,,,2088,0,0,0,,,,REQUIRED,,,900,,,Y,,,,,,,,,,,,,,,,N,,,,,,,,,,,,,,,,,,,,,,,,,,,,,,,,,,,,,,27-11-18,1132,1132,28-11-18,101320,20004,72338,27-11-18,527044,,,,,,,,,,,,,,,,,,,,,,,,,,,,,,,,,,,,,,,,,,,,,,,,,,,,,,,0,,Y,,,,,,PURCHASE_TRANSACTION,,,,,,,,,,,,,,,,,,0,0,,,,,,,,,,,,,,,
02,41029,1,ITEM,,,IMPORTED,142,,,,,,,,N,NOT_MATCHED,,,,,,35393,,27-11-18,2018-11,N,,,,,2088,0,0,0,,,,REQUIRED,,,900,,,Y,,,,,,,,,,,,,,,,N,,,,,,,,,,,,,,,,,,,,,,,,,,,,,,,,,,,,,,27-11-18,1132,1132,28-11-18,101320,20004,72338,27-11-18,527044,,,,,,,,,,,,,,,,,,,,,,,,,,,,,,,,,,,,,,,,,,,,,,,,,,,,,,,0,,Y,,,,,,PURCHASE_TRANSACTION,,,,,,,,,,,,,,,,,,0,0,,,,,,,,,,,,,,,
02,41029,1,ITEM,,,IMPORTED,142,,,,,,,,N,NOT_MATCHED,,,,,,35393,,27-11-18,2018-11,N,,,,,2088,0,0,0,,,,REQUIRED,,,900,,,Y,,,,,,,,,,,,,,,,N,,,,,,,,,,,,,,,,,,,,,,,,,,,,,,,,,,,,,,27-11-18,1132,1132,28-11-18,101320,20004,72338,27-11-18,527044,,,,,,,,,,,,,,,,,,,,,,,,,,,,,,,,,,,,,,,,,,,,,,,,,,,,,,,0,,Y,,,,,,PURCHASE_TRANSACTION,,,,,,,,,,,,,,,,,,0,0,,,,,,,,,,,,,,,
02,41030,1,ITEM,,,IMPORTED,142,,,,,,,,Y,NOT_MATCHED,,,,,,35392,,27-11-18,2018-11,N,,,,,2088,900,,,,,,NOTREQUIRED,,N,,,,N,,,,,,,,,,,,,,,,N,,,,,,,,,,,,,,,,,,,,,,,,,,,,,,,,,,,,,,27-11-18,1132,1192,27-11-18,101345,20004,72338,27-11-18,527047,,,,,,,,,,,,,,,,,,,,,,,,,,,,,,,,,,,,,,,,,,,,,,,,,,,,,,,,,Y,,,,,,PURCHASE_TRANSACTION,,,,,,,,,,,,,,,,,,,,,,,,,,,,,,,,,,
02,41030,1,ITEM,,,IMPORTED,142,,,,,,,,Y,NOT_MATCHED,,,,,,35392,,27-11-18,2018-11,N,,,,,2088,900,,,,,,NOTREQUIRED,,N,,,,N,,,,,,,,,,,,,,,,N,,,,,,,,,,,,,,,,,,,,,,,,,,,,,,,,,,,,,,27-11-18,1132,1192,27-11-18,101345,20004,72338,27-11-18,527047,,,,,,,,,,,,,,,,,,,,,,,,,,,,,,,,,,,,,,,,,,,,,,,,,,,,,,,,,Y,,,,,,PURCHASE_TRANSACTION,,,,,,,,,,,,,,,,,,,,,,,,,,,,,,,,,,
02,41030,1,ITEM,,,IMPORTED,142,,,,,,,,Y,NOT_MATCHED,,,,,,35392,,27-11-18,2018-11,N,,,,,2088,900,,,,,,NOTREQUIRED,,N,,,,N,,,,,,,,,,,,,,,,N,,,,,,,,,,,,,,,,,,,,,,,,,,,,,,,,,,,,,,27-11-18,1132,1192,27-11-18,101345,20004,72338,27-11-18,527047,,,,,,,,,,,,,,,,,,,,,,,,,,,,,,,,,,,,,,,,,,,,,,,,,,,,,,,,,Y,,,,,,PURCHASE_TRANSACTION,,,,,,,,,,,,,,,,,,,,,,,,,,,,,,,,,,
02,41030,1,ITEM,,,IMPORTED,142,,,,,,,,Y,NOT_MATCHED,,,,,,35392,,27-11-18,2018-11,N,,,,,2088,900,,,,,,NOTREQUIRED,,N,,,,N,,,,,,,,,,,,,,,,N,,,,,,,,,,,,,,,,,,,,,,,,,,,,,,,,,,,,,,27-11-18,1132,1192,27-11-18,101345,20004,72338,27-11-18,527047,,,,,,,,,,,,,,,,,,,,,,,,,,,,,,,,,,,,,,,,,,,,,,,,,,,,,,,,,Y,,,,,,PURCHASE_TRANSACTION,,,,,,,,,,,,,,,,,,,,,,,,,,,,,,,,,,
02,41030,1,ITEM,,,IMPORTED,142,,,,,,,,Y,NOT_MATCHED,,,,,,35392,,27-11-18,2018-11,N,,,,,2088,900,,,,,,NOTREQUIRED,,N,,,,N,,,,,,,,,,,,,,,,N,,,,,,,,,,,,,,,,,,,,,,,,,,,,,,,,,,,,,,27-11-18,1132,1192,27-11-18,101345,20004,72338,27-11-18,527047,,,,,,,,,,,,,,,,,,,,,,,,,,,,,,,,,,,,,,,,,,,,,,,,,,,,,,,,,Y,,,,,,PURCHASE_TRANSACTION,,,,,,,,,,,,,,,,,,,,,,,,,,,,,,,,,,
02,41030,1,ITEM,,,IMPORTED,142,,,,,,,,Y,NOT_MATCHED,,,,,,35392,,27-11-18,2018-11,N,,,,,2088,900,,,,,,NOTREQUIRED,,N,,,,N,,,,,,,,,,,,,,,,N,,,,,,,,,,,,,,,,,,,,,,,,,,,,,,,,,,,,,,27-11-18,1132,1192,27-11-18,101345,20004,72338,27-11-18,527047,,,,,,,,,,,,,,,,,,,,,,,,,,,,,,,,,,,,,,,,,,,,,,,,,,,,,,,,,Y,,,,,,PURCHASE_TRANSACTION,,,,,,,,,,,,,,,,,,,,,,,,,,,,,,,,,,
02,41034,1,ITEM,,,IMPORTED,142,,,,,,,,D,NOT_MATCHED,,,,,,35527,,28-11-18,2018-11,N,,,,,2088,1000,,,,,,MANUALLYAPPROVED,,N,,,,N,,,,,,,,,,,,,,,,N,,,,,,,,,,,,,,,,,,,,,,,,,,,,,,,,,,,,,,28-11-18,1132,1132,28-11-18,101469,20004,72338,28-11-18,527147,,,,,,,,,,,,,,,,,,,,,,,,,,,,,,,,,,,,,,,,,,,,,,,,,,,,,,,,,Y,,,,,,PURCHASE_TRANSACTION,,,,,,,,,,,,,,,,,,,,,,,,,,,,,,,,,,
02,41035,1,ITEM,,,IMPORTED,142,,,,,,,,Y,NOT_MATCHED,,,,,,35527,,28-11-18,2018-11,N,,,,,2088,1000,,,,,,REQUIRED,,N,,,,N,,,,,,,,,,,,,,,,N,,,,,,,,,,,,,,,,,,,,,,,,,,,,,,,,,,,,,,28-11-18,1192,1192,28-11-18,101470,20004,72338,28-11-18,527148,,,,,,,,,,,,,,,,,,,,,,,,,,,,,,,,,,,,,,,,,,,,,,,,,,,,,,,,,Y,,,,,,PURCHASE_TRANSACTION,,,,,,,,,,,,,,,,,,,,,,,,,,,,,,,,,,
02,41035,1,ITEM,,,IMPORTED,142,,,,,,,,Y,NOT_MATCHED,,,,,,35527,,28-11-18,2018-11,N,,,,,2088,1000,,,,,,REQUIRED,,N,,,,N,,,,,,,,,,,,,,,,N,,,,,,,,,,,,,,,,,,,,,,,,,,,,,,,,,,,,,,28-11-18,1192,1192,28-11-18,101470,20004,72338,28-11-18,527148,,,,,,,,,,,,,,,,,,,,,,,,,,,,,,,,,,,,,,,,,,,,,,,,,,,,,,,,,Y,,,,,,PURCHASE_TRANSACTION,,,,,,,,,,,,,,,,,,,,,,,,,,,,,,,,,,
02,41036,1,ITEM,,,IMPORTED,142,,,,,,,,N,NOT_MATCHED,,,,,,35392,,28-11-18,2018-11,N,,,,,2088,0,,0,,,,REQUIRED,,,210,,,Y,,,,,,,,,,,,,,,,N,,,,,,,,,,,,,,,,,,,,,,,,,,,,,,,,,,,,,,28-11-18,1192,1192,28-11-18,101465,20004,72338,28-11-18,527150,,,,,,,,,,,,,,,,,,,,,,,,,,,,,,,,,,,,,,,,,,,,,,,,,,,,,,,0,,Y,,,,,,PURCHASE_TRANSACTION,,,,,,,,,,,,,,,,,,0,0,,,,,,,,,,,,,,,
02,41036,1,ITEM,,,IMPORTED,142,,,,,,,,N,NOT_MATCHED,,,,,,35392,,28-11-18,2018-11,N,,,,,2088,0,,0,,,,REQUIRED,,,210,,,Y,,,,,,,,,,,,,,,,N,,,,,,,,,,,,,,,,,,,,,,,,,,,,,,,,,,,,,,28-11-18,1192,1192,28-11-18,101465,20004,72338,28-11-18,527150,,,,,,,,,,,,,,,,,,,,,,,,,,,,,,,,,,,,,,,,,,,,,,,,,,,,,,,0,,Y,,,,,,PURCHASE_TRANSACTION,,,,,,,,,,,,,,,,,,0,0,,,,,,,,,,,,,,,
02,41036,1,ITEM,,,IMPORTED,142,,,,,,,,N,NOT_MATCHED,,,,,,35392,,28-11-18,2018-11,N,,,,,2088,0,,0,,,,REQUIRED,,,210,,,Y,,,,,,,,,,,,,,,,N,,,,,,,,,,,,,,,,,,,,,,,,,,,,,,,,,,,,,,28-11-18,1192,1192,28-11-18,101465,20004,72338,28-11-18,527150,,,,,,,,,,,,,,,,,,,,,,,,,,,,,,,,,,,,,,,,,,,,,,,,,,,,,,,0,,Y,,,,,,PURCHASE_TRANSACTION,,,,,,,,,,,,,,,,,,0,0,,,,,,,,,,,,,,,
02,41036,1,ITEM,,,IMPORTED,142,,,,,,,,N,NOT_MATCHED,,,,,,35392,,28-11-18,2018-11,N,,,,,2088,0,,0,,,,REQUIRED,,,210,,,Y,,,,,,,,,,,,,,,,N,,,,,,,,,,,,,,,,,,,,,,,,,,,,,,,,,,,,,,28-11-18,1192,1192,28-11-18,101465,20004,72338,28-11-18,527150,,,,,,,,,,,,,,,,,,,,,,,,,,,,,,,,,,,,,,,,,,,,,,,,,,,,,,,0,,Y,,,,,,PURCHASE_TRANSACTION,,,,,,,,,,,,,,,,,,0,0,,,,,,,,,,,,,,,
02,41036,1,ITEM,,,IMPORTED,142,,,,,,,,N,NOT_MATCHED,,,,,,35392,,28-11-18,2018-11,N,,,,,2088,0,,0,,,,REQUIRED,,,210,,,Y,,,,,,,,,,,,,,,,N,,,,,,,,,,,,,,,,,,,,,,,,,,,,,,,,,,,,,,28-11-18,1192,1192,28-11-18,101465,20004,72338,28-11-18,527150,,,,,,,,,,,,,,,,,,,,,,,,,,,,,,,,,,,,,,,,,,,,,,,,,,,,,,,0,,Y,,,,,,PURCHASE_TRANSACTION,,,,,,,,,,,,,,,,,,0,0,,,,,,,,,,,,,,,
02,41036,1,ITEM,,,IMPORTED,142,,,,,,,,N,NOT_MATCHED,,,,,,35392,,28-11-18,2018-11,N,,,,,2088,0,,0,,,,REQUIRED,,,210,,,Y,,,,,,,,,,,,,,,,N,,,,,,,,,,,,,,,,,,,,,,,,,,,,,,,,,,,,,,28-11-18,1192,1192,28-11-18,101465,20004,72338,28-11-18,527150,,,,,,,,,,,,,,,,,,,,,,,,,,,,,,,,,,,,,,,,,,,,,,,,,,,,,,,0,,Y,,,,,,PURCHASE_TRANSACTION,,,,,,,,,,,,,,,,,,0,0,,,,,,,,,,,,,,,
02,42006,1,ITEM,,测试发票001行,MANUALLINEENTRY,101,,,,,,,,D,NOT_MATCHED,,,,,,35571,N,26-11-18,2018-11,N,,,,,2045,98,,,,,,NOTREQUIRED,,N,,,,N,,,,,,,,,,,,,,,,N,,,,,,,,,,,,,,,,,,,,,,,,,,,,,,,,,,,,,,03-12-18,1132,1192,03-12-18,101934,,,,,,,,,,,,,,,,,,,,,,,,,,,,,,,,,,,,,,,,,,,,,,,,,,,,,,,,,,,,,Y,,,,,,,,,,,,,,,,,,,,,,,,,,,,,,,,,,,,,,,,
02,42006,2,ITEM,,测试发票002行,MANUALLINEENTRY,101,,,,,,,,D,NOT_MATCHED,,,,,,35572,N,26-11-18,2018-11,N,,,,,2045,102,,,,,,NOTREQUIRED,,N,,,,N,,,,,,,,,,,,,,,,N,,,,,,,,,,,,,,,,,,,,,,,,,,,,,,,,,,,,,,03-12-18,1132,1192,03-12-18,101934,,,,,,,,,,,,,,,,,,,,,,,,,,,,,,,,,,,,,,,,,,,,,,,,,,,,,,,,,,,,,Y,,,,,,,,,,,,,,,,,,,,,,,,,,,,,,,,,,,,,,,,
02,42006,1,ITEM,,测试发票001行,MANUALLINEENTRY,101,,,,,,,,D,NOT_MATCHED,,,,,,35571,N,26-11-18,2018-11,N,,,,,2045,98,,,,,,NOTREQUIRED,,N,,,,N,,,,,,,,,,,,,,,,N,,,,,,,,,,,,,,,,,,,,,,,,,,,,,,,,,,,,,,03-12-18,1132,1192,03-12-18,101934,,,,,,,,,,,,,,,,,,,,,,,,,,,,,,,,,,,,,,,,,,,,,,,,,,,,,,,,,,,,,Y,,,,,,,,,,,,,,,,,,,,,,,,,,,,,,,,,,,,,,,,
02,42006,2,ITEM,,测试发票002行,MANUALLINEENTRY,101,,,,,,,,D,NOT_MATCHED,,,,,,35572,N,26-11-18,2018-11,N,,,,,2045,102,,,,,,NOTREQUIRED,,N,,,,N,,,,,,,,,,,,,,,,N,,,,,,,,,,,,,,,,,,,,,,,,,,,,,,,,,,,,,,03-12-18,1132,1192,03-12-18,101934,,,,,,,,,,,,,,,,,,,,,,,,,,,,,,,,,,,,,,,,,,,,,,,,,,,,,,,,,,,,,Y,,,,,,,,,,,,,,,,,,,,,,,,,,,,,,,,,,,,,,,,
02,42006,1,ITEM,,测试发票001行,MANUALLINEENTRY,101,,,,,,,,D,NOT_MATCHED,,,,,,35571,N,26-11-18,2018-11,N,,,,,2045,98,,,,,,NOTREQUIRED,,N,,,,N,,,,,,,,,,,,,,,,N,,,,,,,,,,,,,,,,,,,,,,,,,,,,,,,,,,,,,,03-12-18,1132,1192,03-12-18,101934,,,,,,,,,,,,,,,,,,,,,,,,,,,,,,,,,,,,,,,,,,,,,,,,,,,,,,,,,,,,,Y,,,,,,,,,,,,,,,,,,,,,,,,,,,,,,,,,,,,,,,,
02,42006,2,ITEM,,测试发票002行,MANUALLINEENTRY,101,,,,,,,,D,NOT_MATCHED,,,,,,35572,N,26-11-18,2018-11,N,,,,,2045,102,,,,,,NOTREQUIRED,,N,,,,N,,,,,,,,,,,,,,,,N,,,,,,,,,,,,,,,,,,,,,,,,,,,,,,,,,,,,,,03-12-18,1132,1192,03-12-18,101934,,,,,,,,,,,,,,,,,,,,,,,,,,,,,,,,,,,,,,,,,,,,,,,,,,,,,,,,,,,,,Y,,,,,,,,,,,,,,,,,,,,,,,,,,,,,,,,,,,,,,,,
02,42007,1,ITEM,,,MANUALLINEENTRY,101,,,,,,,,D,NOT_MATCHED,,,,,,,N,28-11-18,2018-11,N,,,,,2045,370,,,,,,NOTREQUIRED,,N,,,,N,,,,,,,,,,,,,,,,N,,,,,,,,,,,,,,,,,,,,,,,,,,,,,,,,,,,,,,03-12-18,1132,1192,03-12-18,101957,,,,,,,,,,,,,,,,,,,,,,,,,,,,,,,,,,,,,,,,,,,,,,,,,,,,,,,,,,,,,Y,,,,,,,,,,,,,,,,,,,,,,,,,,,,,,,,,,,,,,,,
02,43006,1,ITEM,,,MANUALLINEENTRY,142,,,,,,,,D,NOT_MATCHED,,,,,,,N,06-12-18,2018-12,N,,,,,2088,1000,,,,,,NOTREQUIRED,,N,,,,N,,,,,,,,,,,,,,,,N,,,,,,,,,,,,,,,,,,,,,,,,,,,,,,,,,,,,,,06-12-18,1312,1111,07-12-18,-1,,,,,,,,,,,,,,,,,,,,,,,,,,,,,,,,,,,,,,,,,,,,,,,,,,,,,,,,,,,,,Y,,,,,,,,,,,,,,,,,,,,,,,,,,,,,,,,,,,,,,,,
02,43006,1,ITEM,,,MANUALLINEENTRY,142,,,,,,,,D,NOT_MATCHED,,,,,,,N,06-12-18,2018-12,N,,,,,2088,1000,,,,,,NOTREQUIRED,,N,,,,N,,,,,,,,,,,,,,,,N,,,,,,,,,,,,,,,,,,,,,,,,,,,,,,,,,,,,,,06-12-18,1312,1111,07-12-18,-1,,,,,,,,,,,,,,,,,,,,,,,,,,,,,,,,,,,,,,,,,,,,,,,,,,,,,,,,,,,,,Y,,,,,,,,,,,,,,,,,,,,,,,,,,,,,,,,,,,,,,,,
02,43007,1,ITEM,,,IMPORTED,142,,,,,,,,Y,NOT_MATCHED,,,,,,35528,,07-12-18,2018-12,N,,,,,2088,250,,,,,,NOTREQUIRED,,N,,,,N,,,,,,,,,,,,,,,,N,,,,,,,,,,,,,,,,,,,,,,,,,,,,,,,,,,,,,,07-12-18,1132,1192,13-12-18,103206,20004,72338,07-12-18,527956,,,,,,,,,,,,,,,,,,,,,,,,,,,,,,,,,,,,,,,,,,,,,,,,,,,,,,,,,Y,,,,,,PURCHASE_TRANSACTION,,,,,,,,,,,,,,,,,,,,,,,,,,,,,,,,,,
02,43007,1,ITEM,,,IMPORTED,142,,,,,,,,Y,NOT_MATCHED,,,,,,35528,,07-12-18,2018-12,N,,,,,2088,250,,,,,,NOTREQUIRED,,N,,,,N,,,,,,,,,,,,,,,,N,,,,,,,,,,,,,,,,,,,,,,,,,,,,,,,,,,,,,,07-12-18,1132,1192,13-12-18,103206,20004,72338,07-12-18,527956,,,,,,,,,,,,,,,,,,,,,,,,,,,,,,,,,,,,,,,,,,,,,,,,,,,,,,,,,Y,,,,,,PURCHASE_TRANSACTION,,,,,,,,,,,,,,,,,,,,,,,,,,,,,,,,,,
02,43007,1,ITEM,,,IMPORTED,142,,,,,,,,Y,NOT_MATCHED,,,,,,35528,,07-12-18,2018-12,N,,,,,2088,250,,,,,,NOTREQUIRED,,N,,,,N,,,,,,,,,,,,,,,,N,,,,,,,,,,,,,,,,,,,,,,,,,,,,,,,,,,,,,,07-12-18,1132,1192,13-12-18,103206,20004,72338,07-12-18,527956,,,,,,,,,,,,,,,,,,,,,,,,,,,,,,,,,,,,,,,,,,,,,,,,,,,,,,,,,Y,,,,,,PURCHASE_TRANSACTION,,,,,,,,,,,,,,,,,,,,,,,,,,,,,,,,,,
02,43008,1,ITEM,,,IMPORTED,142,,,,,,,,Y,NOT_MATCHED,,,,,,35529,,07-12-18,2018-12,N,,,,,2088,168,,,,,,REQUIRED,,N,,,,N,,,,,,,,,,,,,,,,N,,,,,,,,,,,,,,,,,,,,,,,,,,,,,,,,,,,,,,07-12-18,1132,1132,07-12-18,102406,20004,72338,07-12-18,527973,,,,,,,,,,,,,,,,,,,,,,,,,,,,,,,,,,,,,,,,,,,,,,,,,,,,,,,,,Y,,,,,,PURCHASE_TRANSACTION,,,,,,,,,,,,,,,,,,,,,,,,,,,,,,,,,,
02,43009,1,ITEM,,,IMPORTED,142,,,,,,,,Y,NOT_MATCHED,,,,,,35392,,07-12-18,2018-12,N,,,,,2088,310.5,,,,,,NOTREQUIRED,,N,,,,N,,,,,,,,,,,,,,,,N,,,,,,,,,,,,,,,,,,,,,,,,,,,,,,,,,,,,,,07-12-18,1132,1192,07-12-18,102492,20004,72338,07-12-18,527997,,,,,,,,,,,,,,,,,,,,,,,,,,,,,,,,,,,,,,,,,,,,,,,,,,,,,,,,,Y,,,,,,PURCHASE_TRANSACTION,,,,,,,,,,,,,,,,,,,,,,,,,,,,,,,,,,
02,43010,1,ITEM,,,IMPORTED,142,,,,,,,,Y,NOT_MATCHED,,,,,,35528,,07-12-18,2018-12,N,,,,,2088,270,,,,,,NOTREQUIRED,,N,,,,N,,,,,,,,,,,,,,,,N,,,,,,,,,,,,,,,,,,,,,,,,,,,,,,,,,,,,,,07-12-18,1312,1111,07-12-18,-1,20004,72338,07-12-18,528010,,,,,,,,,,,,,,,,,,,,,,,,,,,,,,,,,,,,,,,,,,,,,,,,,,,,,,,,,Y,,,,,,PURCHASE_TRANSACTION,,,,,,,,,,,,,,,,,,,,,,,,,,,,,,,,,,
02,43010,1,ITEM,,,IMPORTED,142,,,,,,,,Y,NOT_MATCHED,,,,,,35528,,07-12-18,2018-12,N,,,,,2088,270,,,,,,NOTREQUIRED,,N,,,,N,,,,,,,,,,,,,,,,N,,,,,,,,,,,,,,,,,,,,,,,,,,,,,,,,,,,,,,07-12-18,1312,1111,07-12-18,-1,20004,72338,07-12-18,528010,,,,,,,,,,,,,,,,,,,,,,,,,,,,,,,,,,,,,,,,,,,,,,,,,,,,,,,,,Y,,,,,,PURCHASE_TRANSACTION,,,,,,,,,,,,,,,,,,,,,,,,,,,,,,,,,,
02,43010,1,ITEM,,,IMPORTED,142,,,,,,,,Y,NOT_MATCHED,,,,,,35528,,07-12-18,2018-12,N,,,,,2088,270,,,,,,NOTREQUIRED,,N,,,,N,,,,,,,,,,,,,,,,N,,,,,,,,,,,,,,,,,,,,,,,,,,,,,,,,,,,,,,07-12-18,1312,1111,07-12-18,-1,20004,72338,07-12-18,528010,,,,,,,,,,,,,,,,,,,,,,,,,,,,,,,,,,,,,,,,,,,,,,,,,,,,,,,,,Y,,,,,,PURCHASE_TRANSACTION,,,,,,,,,,,,,,,,,,,,,,,,,,,,,,,,,,
02,43011,1,ITEM,,,IMPORTED,142,,,,,,,,Y,NOT_MATCHED,,,,,,35529,,07-12-18,2018-12,N,,,,,2088,134,,,,,,REQUIRED,,N,,,,N,,,,,,,,,,,,,,,,N,,,,,,,,,,,,,,,,,,,,,,,,,,,,,,,,,,,,,,07-12-18,1312,1312,07-12-18,102452,20004,72338,07-12-18,528011,,,,,,,,,,,,,,,,,,,,,,,,,,,,,,,,,,,,,,,,,,,,,,,,,,,,,,,,,Y,,,,,,PURCHASE_TRANSACTION,,,,,,,,,,,,,,,,,,,,,,,,,,,,,,,,,,
02,43012,1,ITEM,,,MANUALLINEENTRY,101,,,,,,,,D,NOT_MATCHED,,,,,,,N,15-11-18,2018-11,N,,,,,2045,150,,,,,,REQUIRED,,N,,,,N,,,,,,,,,,,,,,,,N,,,,,,,,,,,,,,,,,,,,,,,,,,,,,,,,,,,,,,07-12-18,1132,1132,07-12-18,102426,,,,,,,,,,,,,,,,,,,,,,,,,,,,,,,,,,,,,,,,,,,,,,,,,,,,,,,,,,,,,,,,,,,,,,,,,,,,,,,,,,,,,,,,,,,,,,,,,,,,,
02,43013,1,ITEM,,,IMPORTED,101,,,,,,,,Y,NOT_MATCHED,,,,,,35628,,07-12-18,2018-12,N,,,,,2045,100,,,,,,NOTREQUIRED,,N,,,,N,,,,,,,,,,,,,,,,N,,,,,,,,,,,,,,,,,,,,,,,,,,,,,,,,,,,,,,07-12-18,1132,1192,13-12-18,103206,20004,72338,07-12-18,528029,,,,,,,,,,,,,,,,,,,,,,,,,,,,,,,,,,,,,,,,,,,,,,,,,,,,,,,,,Y,,,,,,PURCHASE_TRANSACTION,,,,,,,,,,,,,,,,,,,,,,,,,,,,,,,,,,
02,43014,1,ITEM,,,MANUALLINEENTRY,142,,,,,,,,D,NOT_MATCHED,,,,,,,N,07-12-18,2018-12,N,,,,,2088,12000,,,,,,NOTREQUIRED,,N,,,,N,,,,,,,,,,,,,,,,N,,,,,,,,,,,,,,,,,,,,,,,,,,,,,,,,,,,,,,07-12-18,1312,1192,07-12-18,102492,,,,,,,,,,,,,,,,,,,,,,,,,,,,,,,,,,,,,,,,,,,,,,,,,,,,,,,,,,,,,Y,,,,,,,,,,,,,,,,,,,,,,,,,,,,,,,,,,,,,,,,
02,43014,1,ITEM,,,MANUALLINEENTRY,142,,,,,,,,D,NOT_MATCHED,,,,,,,N,07-12-18,2018-12,N,,,,,2088,12000,,,,,,NOTREQUIRED,,N,,,,N,,,,,,,,,,,,,,,,N,,,,,,,,,,,,,,,,,,,,,,,,,,,,,,,,,,,,,,07-12-18,1312,1192,07-12-18,102492,,,,,,,,,,,,,,,,,,,,,,,,,,,,,,,,,,,,,,,,,,,,,,,,,,,,,,,,,,,,,Y,,,,,,,,,,,,,,,,,,,,,,,,,,,,,,,,,,,,,,,,
02,44006,1,ITEM,,,MANUALLINEENTRY,101,,,,,,,,D,NOT_MATCHED,,,,,,,N,05-12-18,2018-12,N,,,,,2045,20003456,,,,,,NOTREQUIRED,,N,,,,N,,,,,,,,,,,,,,,,N,,,,,,,,,,,,,,,,,,,,,,,,,,,,,,,,,,,,,,12-12-18,1192,1132,12-12-18,102997,,,,,,,,,,,,,,,,,,,,,,,,,,,,,,,,,,,,,,,,,,,,,,,,,,,,,,,,,,,,,Y,,,,,,,,,,,,,,,,,,,,,,,,,,,,,,,,,,,,,,,,
02,44007,1,ITEM,,,MANUALLINEENTRY,101,,,,,,,,D,NOT_MATCHED,,,,,,,N,05-12-18,2018-12,N,,,,,2045,3345587600,,,,,,NOTREQUIRED,,N,,,,N,,,,,,,,,,,,,,,,N,,,,,,,,,,,,,,,,,,,,,,,,,,,,,,,,,,,,,,12-12-18,1132,1132,12-12-18,102997,,,,,,,,,,,,,,,,,,,,,,,,,,,,,,,,,,,,,,,,,,,,,,,,,,,,,,,,,,,,,Y,,,,,,,,,,,,,,,,,,,,,,,,,,,,,,,,,,,,,,,,
02,44008,1,ITEM,,,MANUALLINEENTRY,142,,,,,,,,D,NOT_MATCHED,,,,,,,N,10-12-18,2018-12,N,,,,,2088,13450,,,,,,NOTREQUIRED,,N,,,,N,,,,,,,,,,,,,,,,N,,,,,,,,,,,,,,,,,,,,,,,,,,,,,,,,,,,,,,12-12-18,1132,1152,12-12-18,103031,,,,,,,,,,,,,,,,,,,,,,,,,,,,,,,,,,,,,,,,,,,,,,,,,,,,,,,,,,,,,Y,,,,,,,,,,,,,,,,,,,,,,,,,,,,,,,,,,,,,,,,
02,45006,1,ITEM,,,MANUALLINEENTRY,101,,,,,,,,D,NOT_MATCHED,,,,,,,N,11-12-18,2018-12,N,,,,,2045,230,,,,,,NOTREQUIRED,,N,,,,N,,,,,,,,,,,,,,,,N,,,,,,,,,,,,,,,,,,,,,,,,,,,,,,,,,,,,,,21-12-18,1132,1152,21-12-18,-1,,,,,,,,,,,,,,,,,,,,,,,,,,,,,,,,,,,,,,,,,,,,,,,,,,,,,,,,,,,,,Y,,,,,,,,,,,,,,,,,,,,,,,,,,,,,,,,,,,,,,,,
02,45007,1,ITEM,,,MANUALLINEENTRY,101,,,,,,,,D,NOT_MATCHED,,,,,,,N,21-12-18,2018-12,N,,,,,2045,5512.98,,,,,,NOTREQUIRED,,N,,,,N,,,,,,,,,,,,,,,,N,,,,,,,,,,,,,,,,,,,,,,,,,,,,,,,,,,,,,,21-12-18,1132,1152,21-12-18,-1,,,,,,,,,,,,,,,,,,,,,,,,,,,,,,,,,,,,,,,,,,,,,,,,,,,,,,,,,,,,,Y,,,,,,,,,,,,,,,,,,,,,,,,,,,,,,,,,,,,,,,,
02,45007,1,ITEM,,,MANUALLINEENTRY,101,,,,,,,,D,NOT_MATCHED,,,,,,,N,21-12-18,2018-12,N,,,,,2045,5512.98,,,,,,NOTREQUIRED,,N,,,,N,,,,,,,,,,,,,,,,N,,,,,,,,,,,,,,,,,,,,,,,,,,,,,,,,,,,,,,21-12-18,1132,1152,21-12-18,-1,,,,,,,,,,,,,,,,,,,,,,,,,,,,,,,,,,,,,,,,,,,,,,,,,,,,,,,,,,,,,Y,,,,,,,,,,,,,,,,,,,,,,,,,,,,,,,,,,,,,,,,
02,45007,1,ITEM,,,MANUALLINEENTRY,101,,,,,,,,D,NOT_MATCHED,,,,,,,N,21-12-18,2018-12,N,,,,,2045,5512.98,,,,,,NOTREQUIRED,,N,,,,N,,,,,,,,,,,,,,,,N,,,,,,,,,,,,,,,,,,,,,,,,,,,,,,,,,,,,,,21-12-18,1132,1152,21-12-18,-1,,,,,,,,,,,,,,,,,,,,,,,,,,,,,,,,,,,,,,,,,,,,,,,,,,,,,,,,,,,,,Y,,,,,,,,,,,,,,,,,,,,,,,,,,,,,,,,,,,,,,,,
02,45008,1,ITEM,,,MANUALLINEENTRY,101,,,,,,,,D,NOT_MATCHED,,,,,,,N,21-12-18,2018-12,N,,,,,2045,237890,,,,,,NOTREQUIRED,,N,,,,N,,,,,,,,,,,,,,,,N,,,,,,,,,,,,,,,,,,,,,,,,,,,,,,,,,,,,,,21-12-18,1132,1152,21-12-18,-1,,,,,,,,,,,,,,,,,,,,,,,,,,,,,,,,,,,,,,,,,,,,,,,,,,,,,,,,,,,,,Y,,,,,,,,,,,,,,,,,,,,,,,,,,,,,,,,,,,,,,,,
02,45008,1,ITEM,,,MANUALLINEENTRY,101,,,,,,,,D,NOT_MATCHED,,,,,,,N,21-12-18,2018-12,N,,,,,2045,237890,,,,,,NOTREQUIRED,,N,,,,N,,,,,,,,,,,,,,,,N,,,,,,,,,,,,,,,,,,,,,,,,,,,,,,,,,,,,,,21-12-18,1132,1152,21-12-18,-1,,,,,,,,,,,,,,,,,,,,,,,,,,,,,,,,,,,,,,,,,,,,,,,,,,,,,,,,,,,,,Y,,,,,,,,,,,,,,,,,,,,,,,,,,,,,,,,,,,,,,,,
