01,ap_invoice_distributions_all,201901,20190103,118
02,27-11-18,Y,U,N,N,2,35392,41025,1132,27-11-18,ITEM,2018-11,2088,,50,,,,1132,27-11-18,投资管理部韩费用报销,,,,,101289,A,Y,,20004,72338,27-11-18,,,527011,N,,,,,N,,,,,,,,,,,,,,,,,,,,,,,,,,,,,,,,E,,,,,,,,,,,,,,,,,,,,,,,142,,,,,,,,,,,,,,,,,,,,,,,,,,,,,,,,,,,,,,,,,,,,,,,,,,,,,,,,,,,,,,,NOT_MATCHED,,37070,,,,,,,,,,,,,,75045,,,,N,,,,,,,,,1,,,,,,,,PERMANENT,,,,,,,,,,,,,,,,,,,,,,,,,,,50,0,,,,,,,,N,,,,,,,,,,,,
02,27-11-18,Y,U,N,N,3,35393,41025,1132,27-11-18,ITEM,2018-11,2088,,372,,,,1132,27-11-18,投资管理部韩费用报销,,,,,101289,A,Y,,20004,72338,27-11-18,,,527011,N,,,,,N,,,,,,,,,,,,,,,,,,,,,,,,,,,,,,,,E,,,,,,,,,,,,,,,,,,,,,,,142,,,,,,,,,,,,,,,,,,,,,,,,,,,,,,,,,,,,,,,,,,,,,,,,,,,,,,,,,,,,,,,NOT_MATCHED,,37071,,,,,,,,,,,,,,75045,,,,N,,,,,,,,,1,,,,,,,,PERMANENT,,,,,,,,,,,,,,,,,,,,,,,,,,,372,0,,,,,,,,N,,,,,,,,,,,,
02,27-11-18,Y,U,N,N,4,35394,41025,1132,27-11-18,ITEM,2018-11,2088,,28,,,,1132,27-11-18,投资管理部韩费用报销,,,,,101289,A,Y,,20004,72338,27-11-18,,,527011,N,,,,,N,,,,,,,,,123456789,,,,,,,,,,,,,,,,,,,,,,,E,,,,,,,,,,,,,,,,,,,,,,,142,,,,,,,,,,,,,,,,,,,,,,,,,,,,,,,,,,,,,,,,,,,,,,,,,,,,,,,,,,,,,,,NOT_MATCHED,,37072,,,,,,,,,,,,,,75045,,,,N,,,,,,,,,1,,,,,,,,PERMANENT,,,,,,,,,,,,,,,,,,,,,,,,,,,28,0,,,,,,,,N,,,,,,,,,,,,
02,10-12-18,N,U,Y,N,1,35665,44008,1132,12-12-18,ITEM,2018-12,2088,,13450,,,,1132,12-12-18,,,N,,,103030,A,N,,,,,,,,N,,,,,,,,,,,,,,,,,,,,,,,,,,,,,,,,,,,,,E,,,,,,,,,,,,,,,,,,,,,,,142,,,JA.CN.APXINWKB.DISTRIBUTIONS,,,,,,,,,,,,,,,,,,,,,,,,,,,,,,,,,,,,,,,,,,,,,,,,,,,,,,,,,,,,NOT_MATCHED,,39028,,N,,,,,,,,,,N,,78074,,,,N,,,,,,,,,1,,,,,,,,PERMANENT,,,,,,,,,,,,,,,,,,,,,,,,,,,13450,0,,,,,,,,N,,,,,,,,,,,,
02,22-11-18,Y,U,N,N,1,31375,41009,1192,03-12-18,ITEM,2018-11,2045,,672,,,,1132,22-11-18,,,,,,101966,A,Y,,20004,72338,22-11-18,,,526592,N,,,,,N,,,,,,,,,,,,,,,,,,,,,,,,,,,,,,,,E,,,,,,,,,,,,,,,,,,,,,,,101,,,,,,,,,,,,,,,,,,,,,,,,,,,,,,,,,,,,,,,,,,,,,,,,,,,,,,,,,,,,,,,NOT_MATCHED,,37014,,,,,,,,,,,,,,75027,,,,N,,,,,,,,,1,,,,,,,,PERMANENT,,,,,,,,,,,,,,,,,,,,,,,,,,,672,0,,,,,,,,N,,,,,,,,,,,,
02,22-11-18,Y,U,N,N,2,31364,41009,1192,03-12-18,ITEM,2018-11,2045,,128,,,,1132,22-11-18,,,,,,101966,A,Y,,20004,72338,22-11-18,,,526592,N,,,,,N,,,,,,,,,1q2w3e,,,,,,,,,,,,,,,,,,,,,,,E,,,,,,,,,,,,,,,,,,,,,,,101,,,,,,,,,,,,,,,,,,,,,,,,,,,,,,,,,,,,,,,,,,,,,,,,,,,,,,,,,,,,,,,NOT_MATCHED,,37015,,,,,,,,,,,,,,75027,,,,N,,,,,,,,,1,,,,,,,,PERMANENT,,,,,,,,,,,,,,,,,,,,,,,,,,,128,0,,,,,,,,N,,,,,,,,,,,,
02,22-11-18,Y,U,N,N,3,31376,41009,1192,03-12-18,ITEM,2018-11,2045,,100,,,,1132,22-11-18,,,,,,101966,A,Y,,20004,72338,22-11-18,,,526592,N,,,,,N,,,,,,,,,,,,,,,,,,,,,,,,,,,,,,,,E,,,,,,,,,,,,,,,,,,,,,,,101,,,,,,,,,,,,,,,,,,,,,,,,,,,,,,,,,,,,,,,,,,,,,,,,,,,,,,,,,,,,,,,NOT_MATCHED,,37016,,,,,,,,,,,,,,75027,,,,N,,,,,,,,,1,,,,,,,,PERMANENT,,,,,,,,,,,,,,,,,,,,,,,,,,,100,0,,,,,,,,N,,,,,,,,,,,,
02,10-10-18,Y,U,Y,N,1,35487,41023,1132,26-11-18,ITEM,2018-10,2088,,120,,,,1132,26-11-18,,,N,,,101138,A,Y,,,,,,,,N,,,,,,,,,,,,,,,,,,,,,,,,,,,,,,,,,,,,,E,,,,,,,,,,,,,,,,,,,,,,,142,,,JA.CN.APXINWKB.DISTRIBUTIONS,,,,,,,,,,,,,,,,,,,,,,,,,,,,,,,,,,,,,,,,,,,,,,,,,,,,,,,,,,,,NOT_MATCHED,,37065,,N,,,,,,,,,,N,,75041,,,,N,,,,,,,,,1,,,,,,,,PERMANENT,,,,,,,,,,,,,,,,,,,,,,,,,,,120,0,,,,,,,,N,,,,,,,,,,,,
02,13-11-18,Y,U,Y,N,2,35488,41023,1132,26-11-18,ITEM,2018-11,2088,,30,,,,1132,26-11-18,,,N,,,101138,A,Y,,,,,,,,N,,,,,,,,,,,,,,,,,,,,,,,,,,,,,,,,,,,,,E,,,,,,,,,,,,,,,,,,,,,,,142,,,JA.CN.APXINWKB.DISTRIBUTIONS,,,,,,,,,,,,,,,,,,,,,,,,,,,,,,,,,,,,,,,,,,,,,,,,,,,,,,,,,,,,NOT_MATCHED,,37066,,N,,,,,,,,,,N,,75042,,,,N,,,,,,,,,1,,,,,,,,PERMANENT,,,,,,,,,,,,,,,,,,,,,,,,,,,30,0,,,,,,,,N,,,,,,,,,,,,
02,12-09-18,Y,U,Y,N,3,35489,41023,1132,26-11-18,ITEM,2018-09,2088,,50,,,,1132,26-11-18,,,N,,,101138,A,Y,,,,,,,,N,,,,,,,,,,,,,,,,,,,,,,,,,,,,,,,,,,,,,E,,,,,,,,,,,,,,,,,,,,,,,142,,,JA.CN.APXINWKB.DISTRIBUTIONS,,,,,,,,,,,,,,,,,,,,,,,,,,,,,,,,,,,,,,,,,,,,,,,,,,,,,,,,,,,,NOT_MATCHED,,37067,,N,,,,,,,,,,N,,75040,,,,N,,,,,,,,,1,,,,,,,,PERMANENT,,,,,,,,,,,,,,,,,,,,,,,,,,,50,0,,,,,,,,N,,,,,,,,,,,,
02,26-11-18,Y,U,N,N,1,35490,41024,1132,26-11-18,ITEM,2018-11,2088,,110,,,,1132,26-11-18,,,N,,,101138,A,Y,,,,,,,,N,,,,,,,,,,,,,,,,,,,,,,,,,,,,,,,,,,,,,E,,,,,,,,,,,,,,,,,,,,,,,142,,,JA.CN.APXINWKB.DISTRIBUTIONS,,,,,,,,,,,,,,,,,,,,,,,,,,,,,,,,,,,,,,,,,,,,,,,,,,,,,,,,,,,,NOT_MATCHED,,37068,,N,,,,,,,,,,N,,75043,,,,N,,,,,,,,,1,,,,,,,,PERMANENT,,,,,,,,,,,,,,,,,,,,,,,,,,,110,0,,,,,,,,N,,,,,,,,,,,,
02,28-11-18,Y,U,N,N,1,35392,41036,1132,28-11-18,ITEM,2018-11,2088,,2,,,,1192,28-11-18,投资管理部-外部供应商*zifutest,,,,,101479,A,Y,,20004,72338,28-11-18,,,527150,Y,,,,,N,,,,,,,,,,,,,,,,,,,,,,,,,,,,,,,,E,,,,,,,,,,,,,,,,,,,,,,,142,,,,,,,,,,,,,,,,,,,,,,,,,,,,,,,,,,,,,,,,,,,,,,,,,,,,,,,,,,,,,,,NOT_MATCHED,,37092,,,,,,,,,,,,,,75059,,,,N,,,,,,,,,1,,,,,,,,PERMANENT,,,,,,,,,,,,,,,,,,,,,,,,,,,2,0,,,,,,,,N,,,,,,,,,,,,
02,28-11-18,Y,U,N,N,2,35394,41036,1132,28-11-18,ITEM,2018-11,2088,,8,,,,1192,28-11-18,投资管理部-外部供应商*zifutest,,,,,101479,A,Y,,20004,72338,28-11-18,,,527150,Y,,,,,N,,,,,,,,,123,,,,,,,,,,,,,,,,,,,,,,,E,,,,,,,,,,,,,,,,,,,,,,,142,,,,,,,,,,,,,,,,,,,,,,,,,,,,,,,,,,,,,,,,,,,,,,,,,,,,,,,,,,,,,,,NOT_MATCHED,,37093,,,,,,,,,,,,,,75059,,,,N,,,,,,,,,1,,,,,,,,PERMANENT,,,,,,,,,,,,,,,,,,,,,,,,,,,8,0,,,,,,,,N,,,,,,,,,,,,
02,28-11-18,Y,U,N,N,3,35529,41036,1132,28-11-18,ITEM,2018-11,2088,,200,,,,1192,28-11-18,投资管理部-外部供应商*zifutest,,,,,101479,A,Y,,20004,72338,28-11-18,,,527150,Y,,,,,N,,,,,,,,,,,,,,,,,,,,,,,,,,,,,,,,E,,,,,,,,,,,,,,,,,,,,,,,142,,,,,,,,,,,,,,,,,,,,,,,,,,,,,,,,,,,,,,,,,,,,,,,,,,,,,,,,,,,,,,,NOT_MATCHED,,37094,,,,,,,,,,,,,,75059,,,,N,,,,,,,,,1,,,,,,,,PERMANENT,,,,,,,,,,,,,,,,,,,,,,,,,,,200,0,,,,,,,,N,,,,,,,,,,,,
02,07-12-18,Y,U,N,N,1,35630,43014,1312,07-12-18,ITEM,2018-12,2088,,1000,,,,1312,07-12-18,付汉得开发费进项税,,N,,,102521,A,Y,,,,,,,,N,,,,,,,,,,,,,,,,,,,,,,,,,,,,,,,,,,,,,E,,,,,,,,,,,,,,,,,,,,,,,142,,,JA.CN.APXINWKB.DISTRIBUTIONS,,,,,,,,,,,,,,,,,,,,,,,,,,,,,,,,,,,,,,,,,,,,,,,,,,,,,,,,,,,,NOT_MATCHED,,39020,,N,,,,,,,,,,N,,77063,,,,N,,,,,,,,,1,,,,,,,,PERMANENT,,,,,,,,,,,,,,,,,,,,,,,,,,,1000,0,,,,,,,,N,,,,,,,,,,,,
02,07-12-18,Y,U,N,N,2,35631,43014,1312,07-12-18,ITEM,2018-12,2088,,11000,,,,1312,07-12-18,付汉得开发费,,N,,,102521,A,Y,,,,,,,,N,,,,,,,,,,,,,,,,,,,,,,,,,,,,,,,,,,,,,E,,,,,,,,,,,,,,,,,,,,,,,142,,,JA.CN.APXINWKB.DISTRIBUTIONS,,,,,,,,,,,,,,,,,,,,,,,,,,,,,,,,,,,,,,,,,,,,,,,,,,,,,,,,,,,,NOT_MATCHED,,39021,,N,,,,,,,,,,N,,77063,,,,N,,,,,,,,,1,,,,,,,,PERMANENT,,,,,,,,,,,,,,,,,,,,,,,,,,,11000,0,,,,,,,,N,,,,,,,,,,,,
02,27-11-18,Y,U,N,N,1,35392,41025,1132,27-11-18,ITEM,2018-11,2088,,50,,,,1132,27-11-18,投资管理部韩费用报销,,,,,101289,A,Y,,20004,72338,27-11-18,,,527011,N,,,,,N,,,,,,,,,,,,,,,,,,,,,,,,,,,,,,,,E,,,,,,,,,,,,,,,,,,,,,,,142,,,,,,,,,,,,,,,,,,,,,,,,,,,,,,,,,,,,,,,,,,,,,,,,,,,,,,,,,,,,,,,NOT_MATCHED,,37069,,,,,,,,,,,,,,75045,,,,N,,,,,,,,,1,,,,,,,,PERMANENT,,,,,,,,,,,,,,,,,,,,,,,,,,,50,0,,,,,,,,N,,,,,,,,,,,,
02,27-11-18,Y,U,N,N,5,35393,41025,1132,27-11-18,ITEM,2018-11,2088,,372,,,,1132,27-11-18,投资管理部韩费用报销,,,,,101289,A,Y,,20004,72338,27-11-18,,,527011,N,,,,,N,,,,,,,,,,,,,,,,,,,,,,,,,,,,,,,,E,,,,,,,,,,,,,,,,,,,,,,,142,,,,,,,,,,,,,,,,,,,,,,,,,,,,,,,,,,,,,,,,,,,,,,,,,,,,,,,,,,,,,,,NOT_MATCHED,,37073,,,,,,,,,,,,,,75045,,,,N,,,,,,,,,1,,,,,,,,PERMANENT,,,,,,,,,,,,,,,,,,,,,,,,,,,372,0,,,,,,,,N,,,,,,,,,,,,
02,27-11-18,Y,U,N,N,6,35394,41025,1132,27-11-18,ITEM,2018-11,2088,,28,,,,1132,27-11-18,投资管理部韩费用报销,,,,,101289,A,Y,,20004,72338,27-11-18,,,527011,N,,,,,N,,,,,,,,,123456789,,,,,,,,,,,,,,,,,,,,,,,E,,,,,,,,,,,,,,,,,,,,,,,142,,,,,,,,,,,,,,,,,,,,,,,,,,,,,,,,,,,,,,,,,,,,,,,,,,,,,,,,,,,,,,,NOT_MATCHED,,37074,,,,,,,,,,,,,,75045,,,,N,,,,,,,,,1,,,,,,,,PERMANENT,,,,,,,,,,,,,,,,,,,,,,,,,,,28,0,,,,,,,,N,,,,,,,,,,,,
02,22-11-18,Y,U,N,N,1,31375,41011,1192,03-12-18,ITEM,2018-11,2045,,672,,,,1132,22-11-18,,,,,,101966,A,Y,,20004,72338,22-11-18,,,526594,N,,,,,N,,,,,,,,,,,,,,,,,,,,,,,,,,,,,,,,E,,,,,,,,,,,,,,,,,,,,,,,101,,,,,,,,,,,,,,,,,,,,,,,,,,,,,,,,,,,,,,,,,,,,,,,,,,,,,,,,,,,,,,,NOT_MATCHED,,37020,,,,,,,,,,,,,,75029,,,,N,,,,,,,,,1,,,,,,,,PERMANENT,,,,,,,,,,,,,,,,,,,,,,,,,,,672,0,,,,,,,,N,,,,,,,,,,,,
02,22-11-18,Y,U,N,N,2,31364,41011,1192,03-12-18,ITEM,2018-11,2045,,128,,,,1132,22-11-18,,,,,,101966,A,Y,,20004,72338,22-11-18,,,526594,N,,,,,N,,,,,,,,,1q2w3e,,,,,,,,,,,,,,,,,,,,,,,E,,,,,,,,,,,,,,,,,,,,,,,101,,,,,,,,,,,,,,,,,,,,,,,,,,,,,,,,,,,,,,,,,,,,,,,,,,,,,,,,,,,,,,,NOT_MATCHED,,37021,,,,,,,,,,,,,,75029,,,,N,,,,,,,,,1,,,,,,,,PERMANENT,,,,,,,,,,,,,,,,,,,,,,,,,,,128,0,,,,,,,,N,,,,,,,,,,,,
02,22-11-18,Y,U,N,N,3,31376,41011,1192,03-12-18,ITEM,2018-11,2045,,100,,,,1132,22-11-18,,,,,,101966,A,Y,,20004,72338,22-11-18,,,526594,N,,,,,N,,,,,,,,,,,,,,,,,,,,,,,,,,,,,,,,E,,,,,,,,,,,,,,,,,,,,,,,101,,,,,,,,,,,,,,,,,,,,,,,,,,,,,,,,,,,,,,,,,,,,,,,,,,,,,,,,,,,,,,,NOT_MATCHED,,37022,,,,,,,,,,,,,,75029,,,,N,,,,,,,,,1,,,,,,,,PERMANENT,,,,,,,,,,,,,,,,,,,,,,,,,,,100,0,,,,,,,,N,,,,,,,,,,,,
02,22-11-18,Y,U,N,N,1,35392,41020,1132,27-11-18,ITEM,2018-11,2088,,50,,,,1132,22-11-18,0060200802投资管理部韩录潼差旅费,,,,,101289,A,Y,,20004,72338,22-11-18,,,526665,N,,,,,N,,,,,,,,,,,,,,,,,,,,,,,,,,,,,,,,E,,,,,,,,,,,,,,,,,,,,,,,142,,,,,,,,,,,,,,,,,,,,,,,,,,,,,,,,,,,,,,,,,,,,,,,,,,,,,,,,,,,,,,,NOT_MATCHED,,37047,,,,,,,,,,,,,,75037,,,,N,,,,,,,,,1,,,,,,,,PERMANENT,,,,,,,,,,,,,,,,,,,,,,,,,,,50,0,,,,,,,,N,,,,,,,,,,,,
02,22-11-18,Y,U,N,N,2,35392,41020,1132,27-11-18,ITEM,2018-11,2088,,50,,,,1132,22-11-18,0060200802投资管理部韩录潼差旅费,,,,,101289,A,Y,,20004,72338,22-11-18,,,526665,N,,,,,N,,,,,,,,,,,,,,,,,,,,,,,,,,,,,,,,E,,,,,,,,,,,,,,,,,,,,,,,142,,,,,,,,,,,,,,,,,,,,,,,,,,,,,,,,,,,,,,,,,,,,,,,,,,,,,,,,,,,,,,,NOT_MATCHED,,37048,,,,,,,,,,,,,,75037,,,,N,,,,,,,,,1,,,,,,,,PERMANENT,,,,,,,,,,,,,,,,,,,,,,,,,,,50,0,,,,,,,,N,,,,,,,,,,,,
02,22-11-18,Y,U,N,N,3,35393,41020,1132,27-11-18,ITEM,2018-11,2088,,372,,,,1132,22-11-18,0060200802投资管理部韩录潼差旅费,,,,,101289,A,Y,,20004,72338,22-11-18,,,526665,N,,,,,N,,,,,,,,,,,,,,,,,,,,,,,,,,,,,,,,E,,,,,,,,,,,,,,,,,,,,,,,142,,,,,,,,,,,,,,,,,,,,,,,,,,,,,,,,,,,,,,,,,,,,,,,,,,,,,,,,,,,,,,,NOT_MATCHED,,37049,,,,,,,,,,,,,,75037,,,,N,,,,,,,,,1,,,,,,,,PERMANENT,,,,,,,,,,,,,,,,,,,,,,,,,,,372,0,,,,,,,,N,,,,,,,,,,,,
02,22-11-18,Y,U,N,N,1,31375,41012,1192,03-12-18,ITEM,2018-11,2045,,672,,,,1132,22-11-18,,,,,,101966,A,Y,,20004,72338,22-11-18,,,526595,N,,,,,N,,,,,,,,,,,,,,,,,,,,,,,,,,,,,,,,E,,,,,,,,,,,,,,,,,,,,,,,101,,,,,,,,,,,,,,,,,,,,,,,,,,,,,,,,,,,,,,,,,,,,,,,,,,,,,,,,,,,,,,,NOT_MATCHED,,37023,,,,,,,,,,,,,,75030,,,,N,,,,,,,,,1,,,,,,,,PERMANENT,,,,,,,,,,,,,,,,,,,,,,,,,,,672,0,,,,,,,,N,,,,,,,,,,,,
02,22-11-18,Y,U,N,N,2,31364,41012,1192,03-12-18,ITEM,2018-11,2045,,128,,,,1132,22-11-18,,,,,,101966,A,Y,,20004,72338,22-11-18,,,526595,N,,,,,N,,,,,,,,,1q2w3e,,,,,,,,,,,,,,,,,,,,,,,E,,,,,,,,,,,,,,,,,,,,,,,101,,,,,,,,,,,,,,,,,,,,,,,,,,,,,,,,,,,,,,,,,,,,,,,,,,,,,,,,,,,,,,,NOT_MATCHED,,37024,,,,,,,,,,,,,,75030,,,,N,,,,,,,,,1,,,,,,,,PERMANENT,,,,,,,,,,,,,,,,,,,,,,,,,,,128,0,,,,,,,,N,,,,,,,,,,,,
02,22-11-18,Y,U,N,N,3,31376,41012,1192,03-12-18,ITEM,2018-11,2045,,100,,,,1132,22-11-18,,,,,,101966,A,Y,,20004,72338,22-11-18,,,526595,N,,,,,N,,,,,,,,,,,,,,,,,,,,,,,,,,,,,,,,E,,,,,,,,,,,,,,,,,,,,,,,101,,,,,,,,,,,,,,,,,,,,,,,,,,,,,,,,,,,,,,,,,,,,,,,,,,,,,,,,,,,,,,,NOT_MATCHED,,37025,,,,,,,,,,,,,,75030,,,,N,,,,,,,,,1,,,,,,,,PERMANENT,,,,,,,,,,,,,,,,,,,,,,,,,,,100,0,,,,,,,,N,,,,,,,,,,,,
02,22-11-18,Y,U,N,N,4,35394,41020,1132,27-11-18,ITEM,2018-11,2088,,28,,,,1132,22-11-18,0060200802投资管理部韩录潼差旅费,,,,,101289,A,Y,,20004,72338,22-11-18,,,526665,N,,,,,N,,,,,,,,,123456789,,,,,,,,,,,,,,,,,,,,,,,E,,,,,,,,,,,,,,,,,,,,,,,142,,,,,,,,,,,,,,,,,,,,,,,,,,,,,,,,,,,,,,,,,,,,,,,,,,,,,,,,,,,,,,,NOT_MATCHED,,37050,,,,,,,,,,,,,,75037,,,,N,,,,,,,,,1,,,,,,,,PERMANENT,,,,,,,,,,,,,,,,,,,,,,,,,,,28,0,,,,,,,,N,,,,,,,,,,,,
02,22-11-18,Y,U,N,N,5,35393,41020,1132,27-11-18,ITEM,2018-11,2088,,372,,,,1132,22-11-18,0060200802投资管理部韩录潼差旅费,,,,,101289,A,Y,,20004,72338,22-11-18,,,526665,N,,,,,N,,,,,,,,,,,,,,,,,,,,,,,,,,,,,,,,E,,,,,,,,,,,,,,,,,,,,,,,142,,,,,,,,,,,,,,,,,,,,,,,,,,,,,,,,,,,,,,,,,,,,,,,,,,,,,,,,,,,,,,,NOT_MATCHED,,37051,,,,,,,,,,,,,,75037,,,,N,,,,,,,,,1,,,,,,,,PERMANENT,,,,,,,,,,,,,,,,,,,,,,,,,,,372,0,,,,,,,,N,,,,,,,,,,,,
02,22-11-18,Y,U,N,N,6,35394,41020,1132,27-11-18,ITEM,2018-11,2088,,28,,,,1132,22-11-18,0060200802投资管理部韩录潼差旅费,,,,,101289,A,Y,,20004,72338,22-11-18,,,526665,N,,,,,N,,,,,,,,,123456789,,,,,,,,,,,,,,,,,,,,,,,E,,,,,,,,,,,,,,,,,,,,,,,142,,,,,,,,,,,,,,,,,,,,,,,,,,,,,,,,,,,,,,,,,,,,,,,,,,,,,,,,,,,,,,,NOT_MATCHED,,37052,,,,,,,,,,,,,,75037,,,,N,,,,,,,,,1,,,,,,,,PERMANENT,,,,,,,,,,,,,,,,,,,,,,,,,,,28,0,,,,,,,,N,,,,,,,,,,,,
02,07-12-18,Y,U,N,N,1,35528,43007,1132,11-12-18,ITEM,2018-12,2088,,105,,,,1132,07-12-18,投资管理部-韩录潼-差旅费,,,,,102895,A,Y,,20004,72338,07-12-18,,,527956,N,,,,,N,,,,,,,,,,,,,,,,,,,,,,,,,,,,,,,,E,,,,,,,,,,,,,,,,,,,,,,,142,,,,,,,,,,,,,,,,,,,,,,,,,,,,,,,,,,,,,,,,,,,,,,,,,,,,,,,,,,,,,,,NOT_MATCHED,,39009,,,,,,,,,,,,,,77052,,,,N,,,,,,,,,1,,,,,,,,PERMANENT,,,,,,,,,,,,,,,,,,,,,,,,,,,105,0,,,,,,,,N,,,,,,,,,,,,
02,07-12-18,Y,U,N,N,2,35394,43007,1132,11-12-18,ITEM,2018-12,2088,,15,,,,1132,07-12-18,投资管理部-韩录潼-差旅费进项税,,,,,102895,A,Y,,20004,72338,07-12-18,,,527956,N,,,,,N,,,,,,,,,555666234,,,,,,,,,,,,,,,,,,,,,,,E,,,,,,,,,,,,,,,,,,,,,,,142,,,,,,,,,,,,,,,,,,,,,,,,,,,,,,,,,,,,,,,,,,,,,,,,,,,,,,,,,,,,,,,NOT_MATCHED,,39010,,,,,,,,,,,,,,77052,,,,N,,,,,,,,,1,,,,,,,,PERMANENT,,,,,,,,,,,,,,,,,,,,,,,,,,,15,0,,,,,,,,N,,,,,,,,,,,,
02,07-12-18,Y,U,N,N,3,35528,43007,1132,11-12-18,ITEM,2018-12,2088,,130,,,,1132,07-12-18,投资管理部-韩录潼-差旅费,,,,,102895,A,Y,,20004,72338,07-12-18,,,527956,N,,,,,N,,,,,,,,,,,,,,,,,,,,,,,,,,,,,,,,E,,,,,,,,,,,,,,,,,,,,,,,142,,,,,,,,,,,,,,,,,,,,,,,,,,,,,,,,,,,,,,,,,,,,,,,,,,,,,,,,,,,,,,,NOT_MATCHED,,39011,,,,,,,,,,,,,,77052,,,,N,,,,,,,,,1,,,,,,,,PERMANENT,,,,,,,,,,,,,,,,,,,,,,,,,,,130,0,,,,,,,,N,,,,,,,,,,,,
02,07-12-18,Y,U,N,N,1,35529,43008,1132,11-12-18,ITEM,2018-12,2088,,168,,,,1132,07-12-18,投资管理部-南京开会会议费,,,,,102895,A,Y,,20004,72338,07-12-18,,,527973,N,,,,,N,,,,,,,,,,,,,,,,,,,,,,,,,,,,,,,,E,,,,,,,,,,,,,,,,,,,,,,,142,,,,,,,,,,,,,,,,,,,,,,,,,,,,,,,,,,,,,,,,,,,,,,,,,,,,,,,,,,,,,,,NOT_MATCHED,,39012,,,,,,,,,,,,,,77053,,,,N,,,,,,,,,1,,,,,,,,PERMANENT,,,,,,,,,,,,,,,,,,,,,,,,,,,168,0,,,,,,,,N,,,,,,,,,,,,
02,07-12-18,Y,U,N,N,1,35528,43010,1312,07-12-18,ITEM,2018-12,2088,,100,,,,1312,07-12-18,投资管理部-韩录潼-差旅费,,,,,102462,A,Y,,20004,72338,07-12-18,,,528010,N,,,,,N,,,,,,,,,,,,,,,,,,,,,,,,,,,,,,,,E,,,,,,,,,,,,,,,,,,,,,,,142,,,,,,,,,,,,,,,,,,,,,,,,,,,,,,,,,,,,,,,,,,,,,,,,,,,,,,,,,,,,,,,NOT_MATCHED,,39014,,,,,,,,,,,,,,77058,,,,N,,,,,,,,,1,,,,,,,,PERMANENT,,,,,,,,,,,,,,,,,,,,,,,,,,,100,0,,,,,,,,N,,,,,,,,,,,,
02,07-12-18,Y,U,N,N,2,35394,43010,1312,07-12-18,ITEM,2018-12,2088,,30,,,,1312,07-12-18,投资管理部-韩录潼-差旅费进项税,,,,,102462,A,Y,,20004,72338,07-12-18,,,528010,N,,,,,N,,,,,,,,,6543320,,,,,,,,,,,,,,,,,,,,,,,E,,,,,,,,,,,,,,,,,,,,,,,142,,,,,,,,,,,,,,,,,,,,,,,,,,,,,,,,,,,,,,,,,,,,,,,,,,,,,,,,,,,,,,,NOT_MATCHED,,39015,,,,,,,,,,,,,,77058,,,,N,,,,,,,,,1,,,,,,,,PERMANENT,,,,,,,,,,,,,,,,,,,,,,,,,,,30,0,,,,,,,,N,,,,,,,,,,,,
02,07-12-18,Y,U,N,N,3,35528,43010,1312,07-12-18,ITEM,2018-12,2088,,140,,,,1312,07-12-18,投资管理部-韩录潼-差旅费,,,,,102462,A,Y,,20004,72338,07-12-18,,,528010,N,,,,,N,,,,,,,,,,,,,,,,,,,,,,,,,,,,,,,,E,,,,,,,,,,,,,,,,,,,,,,,142,,,,,,,,,,,,,,,,,,,,,,,,,,,,,,,,,,,,,,,,,,,,,,,,,,,,,,,,,,,,,,,NOT_MATCHED,,39016,,,,,,,,,,,,,,77058,,,,N,,,,,,,,,1,,,,,,,,PERMANENT,,,,,,,,,,,,,,,,,,,,,,,,,,,140,0,,,,,,,,N,,,,,,,,,,,,
02,22-11-18,Y,U,N,N,1,31375,41008,1192,03-12-18,ITEM,2018-11,2045,,672,,,,1132,22-11-18,,,,,,101966,A,Y,,20004,72338,22-11-18,,,526590,N,,,,,N,,,,,,,,,,,,,,,,,,,,,,,,,,,,,,,,E,,,,,,,,,,,,,,,,,,,,,,,101,,,,,,,,,,,,,,,,,,,,,,,,,,,,,,,,,,,,,,,,,,,,,,,,,,,,,,,,,,,,,,,NOT_MATCHED,,37011,,,,,,,,,,,,,,75026,,,,N,,,,,,,,,1,,,,,,,,PERMANENT,,,,,,,,,,,,,,,,,,,,,,,,,,,672,0,,,,,,,,N,,,,,,,,,,,,
02,22-11-18,Y,U,N,N,2,31364,41008,1192,03-12-18,ITEM,2018-11,2045,,128,,,,1132,22-11-18,1020101人力行政部（北京）chr(9)王晓春chr(9)差旅费进项税,,,,,101966,A,Y,,20004,72338,22-11-18,,,526590,N,,,,,N,,,,,,,,,1q2w3e,,,,,,,,,,,,,,,,,,,,,,,E,,,,,,,,,,,,,,,,,,,,,,,101,,,,,,,,,,,,,,,,,,,,,,,,,,,,,,,,,,,,,,,,,,,,,,,,,,,,,,,,,,,,,,,NOT_MATCHED,,37012,,,,,,,,,,,,,,75026,,,,N,,,,,,,,,1,,,,,,,,PERMANENT,,,,,,,,,,,,,,,,,,,,,,,,,,,128,0,,,,,,,,N,,,,,,,,,,,,
02,22-11-18,Y,U,N,N,3,31376,41008,1192,03-12-18,ITEM,2018-11,2045,,100,,,,1132,22-11-18,,,,,,101966,A,Y,,20004,72338,22-11-18,,,526590,N,,,,,N,,,,,,,,,,,,,,,,,,,,,,,,,,,,,,,,E,,,,,,,,,,,,,,,,,,,,,,,101,,,,,,,,,,,,,,,,,,,,,,,,,,,,,,,,,,,,,,,,,,,,,,,,,,,,,,,,,,,,,,,NOT_MATCHED,,37013,,,,,,,,,,,,,,75026,,,,N,,,,,,,,,1,,,,,,,,PERMANENT,,,,,,,,,,,,,,,,,,,,,,,,,,,100,0,,,,,,,,N,,,,,,,,,,,,
02,22-11-18,Y,U,N,N,1,31375,41010,1192,03-12-18,ITEM,2018-11,2045,,672,,,,1132,22-11-18,1020101人力行政部（北京）王晓春差旅费进项税,,,,,101966,A,Y,,20004,72338,22-11-18,,,526593,N,,,,,N,,,,,,,,,,,,,,,,,,,,,,,,,,,,,,,,E,,,,,,,,,,,,,,,,,,,,,,,101,,,,,,,,,,,,,,,,,,,,,,,,,,,,,,,,,,,,,,,,,,,,,,,,,,,,,,,,,,,,,,,NOT_MATCHED,,37017,,,,,,,,,,,,,,75028,,,,N,,,,,,,,,1,,,,,,,,PERMANENT,,,,,,,,,,,,,,,,,,,,,,,,,,,672,0,,,,,,,,N,,,,,,,,,,,,
02,22-11-18,Y,U,N,N,2,31364,41010,1192,03-12-18,ITEM,2018-11,2045,,128,,,,1132,22-11-18,,,,,,101966,A,Y,,20004,72338,22-11-18,,,526593,N,,,,,N,,,,,,,,,1q2w3e,,,,,,,,,,,,,,,,,,,,,,,E,,,,,,,,,,,,,,,,,,,,,,,101,,,,,,,,,,,,,,,,,,,,,,,,,,,,,,,,,,,,,,,,,,,,,,,,,,,,,,,,,,,,,,,NOT_MATCHED,,37018,,,,,,,,,,,,,,75028,,,,N,,,,,,,,,1,,,,,,,,PERMANENT,,,,,,,,,,,,,,,,,,,,,,,,,,,128,0,,,,,,,,N,,,,,,,,,,,,
02,22-11-18,Y,U,N,N,3,31376,41010,1192,03-12-18,ITEM,2018-11,2045,,100,,,,1132,22-11-18,1020101人力行政部（北京）王晓春差旅费进项税,,,,,101966,A,Y,,20004,72338,22-11-18,,,526593,N,,,,,N,,,,,,,,,,,,,,,,,,,,,,,,,,,,,,,,E,,,,,,,,,,,,,,,,,,,,,,,101,,,,,,,,,,,,,,,,,,,,,,,,,,,,,,,,,,,,,,,,,,,,,,,,,,,,,,,,,,,,,,,NOT_MATCHED,,37019,,,,,,,,,,,,,,75028,,,,N,,,,,,,,,1,,,,,,,,PERMANENT,,,,,,,,,,,,,,,,,,,,,,,,,,,100,0,,,,,,,,N,,,,,,,,,,,,
02,22-11-18,Y,U,N,N,1,31375,41015,1192,03-12-18,ITEM,2018-11,2045,,672,,,,1132,22-11-18,1020101人力行政部（北京）王晓春差旅费,,,,,101966,A,Y,,20004,72338,22-11-18,,,526606,N,,,,,N,,,,,,,,,,,,,,,,,,,,,,,,,,,,,,,,E,,,,,,,,,,,,,,,,,,,,,,,101,,,,,,,,,,,,,,,,,,,,,,,,,,,,,,,,,,,,,,,,,,,,,,,,,,,,,,,,,,,,,,,NOT_MATCHED,,37032,,,,,,,,,,,,,,75033,,,,N,,,,,,,,,1,,,,,,,,PERMANENT,,,,,,,,,,,,,,,,,,,,,,,,,,,672,0,,,,,,,,N,,,,,,,,,,,,
02,22-11-18,Y,U,N,N,2,31364,41015,1192,03-12-18,ITEM,2018-11,2045,,128,,,,1132,22-11-18,1020101人力行政部（北京）王晓春差旅费进项税,,,,,101966,A,Y,,20004,72338,22-11-18,,,526606,N,,,,,N,,,,,,,,,1q2w3e,,,,,,,,,,,,,,,,,,,,,,,E,,,,,,,,,,,,,,,,,,,,,,,101,,,,,,,,,,,,,,,,,,,,,,,,,,,,,,,,,,,,,,,,,,,,,,,,,,,,,,,,,,,,,,,NOT_MATCHED,,37033,,,,,,,,,,,,,,75033,,,,N,,,,,,,,,1,,,,,,,,PERMANENT,,,,,,,,,,,,,,,,,,,,,,,,,,,128,0,,,,,,,,N,,,,,,,,,,,,
02,22-11-18,Y,U,N,N,3,31376,41015,1192,03-12-18,ITEM,2018-11,2045,,100,,,,1132,22-11-18,1020101人力行政部（北京）王晓春差旅费,,,,,101966,A,Y,,20004,72338,22-11-18,,,526606,N,,,,,N,,,,,,,,,,,,,,,,,,,,,,,,,,,,,,,,E,,,,,,,,,,,,,,,,,,,,,,,101,,,,,,,,,,,,,,,,,,,,,,,,,,,,,,,,,,,,,,,,,,,,,,,,,,,,,,,,,,,,,,,NOT_MATCHED,,37034,,,,,,,,,,,,,,75033,,,,N,,,,,,,,,1,,,,,,,,PERMANENT,,,,,,,,,,,,,,,,,,,,,,,,,,,100,0,,,,,,,,N,,,,,,,,,,,,
02,22-11-18,Y,U,N,N,1,35392,41016,1132,22-11-18,ITEM,2018-11,2088,,50,,,,1132,22-11-18,0060200802投资管理部韩录潼差旅费进项税,,,,,100884,A,Y,,20004,72338,22-11-18,,,526644,N,,,,,N,,,,,,,,,,,,,,,,,,,,,,,,,,,,,,,,E,,,,,,,,,,,,,,,,,,,,,,,142,,,,,,,,,,,,,,,,,,,,,,,,,,,,,,,,,,,,,,,,,,,,,,,,,,,,,,,,,,,,,,,NOT_MATCHED,,37035,,,,,,,,,,,,,,75034,,,,N,,,,,,,,,1,,,,,,,,PERMANENT,,,,,,,,,,,,,,,,,,,,,,,,,,,50,0,,,,,,,,N,,,,,,,,,,,,
02,22-11-18,Y,U,N,N,2,35392,41016,1132,22-11-18,ITEM,2018-11,2088,,50,,,,1132,22-11-18,0060200802投资管理部韩录潼差旅费进项税,,,,,100884,A,Y,,20004,72338,22-11-18,,,526644,N,,,,,N,,,,,,,,,,,,,,,,,,,,,,,,,,,,,,,,E,,,,,,,,,,,,,,,,,,,,,,,142,,,,,,,,,,,,,,,,,,,,,,,,,,,,,,,,,,,,,,,,,,,,,,,,,,,,,,,,,,,,,,,NOT_MATCHED,,37036,,,,,,,,,,,,,,75034,,,,N,,,,,,,,,1,,,,,,,,PERMANENT,,,,,,,,,,,,,,,,,,,,,,,,,,,50,0,,,,,,,,N,,,,,,,,,,,,
02,22-11-18,Y,U,N,N,1,31375,41014,1192,03-12-18,ITEM,2018-11,2045,,672,,,,1132,22-11-18,1020101人力行政部（北京）王晓春差旅费,,,,,101966,A,Y,,20004,72338,22-11-18,,,526599,N,,,,,N,,,,,,,,,,,,,,,,,,,,,,,,,,,,,,,,E,,,,,,,,,,,,,,,,,,,,,,,101,,,,,,,,,,,,,,,,,,,,,,,,,,,,,,,,,,,,,,,,,,,,,,,,,,,,,,,,,,,,,,,NOT_MATCHED,,37029,,,,,,,,,,,,,,75032,,,,N,,,,,,,,,1,,,,,,,,PERMANENT,,,,,,,,,,,,,,,,,,,,,,,,,,,672,0,,,,,,,,N,,,,,,,,,,,,
02,22-11-18,Y,U,N,N,2,31364,41014,1192,03-12-18,ITEM,2018-11,2045,,128,,,,1132,22-11-18,1020101人力行政部（北京）王晓春差旅费进项税,,,,,101966,A,Y,,20004,72338,22-11-18,,,526599,N,,,,,N,,,,,,,,,1q2w3e,,,,,,,,,,,,,,,,,,,,,,,E,,,,,,,,,,,,,,,,,,,,,,,101,,,,,,,,,,,,,,,,,,,,,,,,,,,,,,,,,,,,,,,,,,,,,,,,,,,,,,,,,,,,,,,NOT_MATCHED,,37030,,,,,,,,,,,,,,75032,,,,N,,,,,,,,,1,,,,,,,,PERMANENT,,,,,,,,,,,,,,,,,,,,,,,,,,,128,0,,,,,,,,N,,,,,,,,,,,,
02,22-11-18,Y,U,N,N,3,31376,41014,1192,03-12-18,ITEM,2018-11,2045,,100,,,,1132,22-11-18,1020101人力行政部（北京）王晓春差旅费进项税,,,,,101966,A,Y,,20004,72338,22-11-18,,,526599,N,,,,,N,,,,,,,,,,,,,,,,,,,,,,,,,,,,,,,,E,,,,,,,,,,,,,,,,,,,,,,,101,,,,,,,,,,,,,,,,,,,,,,,,,,,,,,,,,,,,,,,,,,,,,,,,,,,,,,,,,,,,,,,NOT_MATCHED,,37031,,,,,,,,,,,,,,75032,,,,N,,,,,,,,,1,,,,,,,,PERMANENT,,,,,,,,,,,,,,,,,,,,,,,,,,,100,0,,,,,,,,N,,,,,,,,,,,,
02,22-11-18,Y,U,N,N,3,35393,41016,1132,22-11-18,ITEM,2018-11,2088,,372,,,,1132,22-11-18,0060200802投资管理部韩录潼差旅费进项税,,,,,100884,A,Y,,20004,72338,22-11-18,,,526644,N,,,,,N,,,,,,,,,,,,,,,,,,,,,,,,,,,,,,,,E,,,,,,,,,,,,,,,,,,,,,,,142,,,,,,,,,,,,,,,,,,,,,,,,,,,,,,,,,,,,,,,,,,,,,,,,,,,,,,,,,,,,,,,NOT_MATCHED,,37037,,,,,,,,,,,,,,75034,,,,N,,,,,,,,,1,,,,,,,,PERMANENT,,,,,,,,,,,,,,,,,,,,,,,,,,,372,0,,,,,,,,N,,,,,,,,,,,,
02,22-11-18,Y,U,N,N,4,35394,41016,1132,22-11-18,ITEM,2018-11,2088,,28,,,,1132,22-11-18,0060200802投资管理部韩录潼差旅费进项税,,,,,100884,A,Y,,20004,72338,22-11-18,,,526644,N,,,,,N,,,,,,,,,123456789,,,,,,,,,,,,,,,,,,,,,,,E,,,,,,,,,,,,,,,,,,,,,,,142,,,,,,,,,,,,,,,,,,,,,,,,,,,,,,,,,,,,,,,,,,,,,,,,,,,,,,,,,,,,,,,NOT_MATCHED,,37038,,,,,,,,,,,,,,75034,,,,N,,,,,,,,,1,,,,,,,,PERMANENT,,,,,,,,,,,,,,,,,,,,,,,,,,,28,0,,,,,,,,N,,,,,,,,,,,,
02,22-11-18,Y,U,N,N,5,35393,41016,1132,22-11-18,ITEM,2018-11,2088,,372,,,,1132,22-11-18,0060200802投资管理部韩录潼差旅费进项税,,,,,100884,A,Y,,20004,72338,22-11-18,,,526644,N,,,,,N,,,,,,,,,,,,,,,,,,,,,,,,,,,,,,,,E,,,,,,,,,,,,,,,,,,,,,,,142,,,,,,,,,,,,,,,,,,,,,,,,,,,,,,,,,,,,,,,,,,,,,,,,,,,,,,,,,,,,,,,NOT_MATCHED,,37039,,,,,,,,,,,,,,75034,,,,N,,,,,,,,,1,,,,,,,,PERMANENT,,,,,,,,,,,,,,,,,,,,,,,,,,,372,0,,,,,,,,N,,,,,,,,,,,,
02,22-11-18,Y,U,N,N,6,35394,41016,1132,22-11-18,ITEM,2018-11,2088,,28,,,,1132,22-11-18,0060200802投资管理部韩录潼差旅费进项税,,,,,100884,A,Y,,20004,72338,22-11-18,,,526644,N,,,,,N,,,,,,,,,123456789,,,,,,,,,,,,,,,,,,,,,,,E,,,,,,,,,,,,,,,,,,,,,,,142,,,,,,,,,,,,,,,,,,,,,,,,,,,,,,,,,,,,,,,,,,,,,,,,,,,,,,,,,,,,,,,NOT_MATCHED,,37040,,,,,,,,,,,,,,75034,,,,N,,,,,,,,,1,,,,,,,,PERMANENT,,,,,,,,,,,,,,,,,,,,,,,,,,,28,0,,,,,,,,N,,,,,,,,,,,,
02,22-11-18,Y,U,N,N,1,35392,41017,1132,27-11-18,ITEM,2018-11,2088,,50,,,,1132,22-11-18,0060200802投资管理部韩录潼差旅费进项税,,,,,101289,A,Y,,20004,72338,22-11-18,,,526656,N,,,,,N,,,,,,,,,,,,,,,,,,,,,,,,,,,,,,,,E,,,,,,,,,,,,,,,,,,,,,,,142,,,,,,,,,,,,,,,,,,,,,,,,,,,,,,,,,,,,,,,,,,,,,,,,,,,,,,,,,,,,,,,NOT_MATCHED,,37041,,,,,,,,,,,,,,75036,,,,N,,,,,,,,,1,,,,,,,,PERMANENT,,,,,,,,,,,,,,,,,,,,,,,,,,,50,0,,,,,,,,N,,,,,,,,,,,,
02,22-11-18,Y,U,N,N,2,35392,41017,1132,27-11-18,ITEM,2018-11,2088,,50,,,,1132,22-11-18,0060200802投资管理部韩录潼差旅费进项税,,,,,101289,A,Y,,20004,72338,22-11-18,,,526656,N,,,,,N,,,,,,,,,,,,,,,,,,,,,,,,,,,,,,,,E,,,,,,,,,,,,,,,,,,,,,,,142,,,,,,,,,,,,,,,,,,,,,,,,,,,,,,,,,,,,,,,,,,,,,,,,,,,,,,,,,,,,,,,NOT_MATCHED,,37042,,,,,,,,,,,,,,75036,,,,N,,,,,,,,,1,,,,,,,,PERMANENT,,,,,,,,,,,,,,,,,,,,,,,,,,,50,0,,,,,,,,N,,,,,,,,,,,,
02,21-11-18,Y,U,N,N,1,31375,41007,1192,03-12-18,ITEM,2018-11,2045,,672,,,,1132,21-11-18,1020101人力行政部（北京）王晓春差旅费进项税,,,,,101966,A,Y,,20004,72338,21-11-18,,,526557,N,,,,,N,,,,,,,,,,,,,,,,,,,,,,,,,,,,,,,,E,,,,,,,,,,,,,,,,,,,,,,,101,,,,,,,,,,,,,,,,,,,,,,,,,,,,,,,,,,,,,,,,,,,,,,,,,,,,,,,,,,,,,,,NOT_MATCHED,,37008,,,,,,,,,,,,,,75025,,,,N,,,,,,,,,1,,,,,,,,PERMANENT,,,,,,,,,,,,,,,,,,,,,,,,,,,672,0,,,,,,,,N,,,,,,,,,,,,
02,21-11-18,Y,U,N,N,2,31364,41007,1192,03-12-18,ITEM,2018-11,2045,,128,,,,1132,21-11-18,1020101人力行政部（北京）王晓春差旅费进项税,,,,,101966,A,Y,,20004,72338,21-11-18,,,526557,N,,,,,N,,,,,,,,,1q2w3e,,,,,,,,,,,,,,,,,,,,,,,E,,,,,,,,,,,,,,,,,,,,,,,101,,,,,,,,,,,,,,,,,,,,,,,,,,,,,,,,,,,,,,,,,,,,,,,,,,,,,,,,,,,,,,,NOT_MATCHED,,37009,,,,,,,,,,,,,,75025,,,,N,,,,,,,,,1,,,,,,,,PERMANENT,,,,,,,,,,,,,,,,,,,,,,,,,,,128,0,,,,,,,,N,,,,,,,,,,,,
02,21-11-18,Y,U,N,N,3,31376,41007,1192,03-12-18,ITEM,2018-11,2045,,100,,,,1132,21-11-18,1020101人力行政部（北京）王晓春差旅费进项税,,,,,101966,A,Y,,20004,72338,21-11-18,,,526557,N,,,,,N,,,,,,,,,,,,,,,,,,,,,,,,,,,,,,,,E,,,,,,,,,,,,,,,,,,,,,,,101,,,,,,,,,,,,,,,,,,,,,,,,,,,,,,,,,,,,,,,,,,,,,,,,,,,,,,,,,,,,,,,NOT_MATCHED,,37010,,,,,,,,,,,,,,75025,,,,N,,,,,,,,,1,,,,,,,,PERMANENT,,,,,,,,,,,,,,,,,,,,,,,,,,,100,0,,,,,,,,N,,,,,,,,,,,,
02,22-11-18,Y,U,N,N,3,35393,41017,1132,27-11-18,ITEM,2018-11,2088,,372,,,,1132,22-11-18,0060200802投资管理部韩录潼差旅费进项税,,,,,101289,A,Y,,20004,72338,22-11-18,,,526656,N,,,,,N,,,,,,,,,,,,,,,,,,,,,,,,,,,,,,,,E,,,,,,,,,,,,,,,,,,,,,,,142,,,,,,,,,,,,,,,,,,,,,,,,,,,,,,,,,,,,,,,,,,,,,,,,,,,,,,,,,,,,,,,NOT_MATCHED,,37043,,,,,,,,,,,,,,75036,,,,N,,,,,,,,,1,,,,,,,,PERMANENT,,,,,,,,,,,,,,,,,,,,,,,,,,,372,0,,,,,,,,N,,,,,,,,,,,,
02,22-11-18,Y,U,N,N,4,35394,41017,1132,27-11-18,ITEM,2018-11,2088,,28,,,,1132,22-11-18,0060200802投资管理部韩录潼差旅费进项税,,,,,101289,A,Y,,20004,72338,22-11-18,,,526656,N,,,,,N,,,,,,,,,123456789,,,,,,,,,,,,,,,,,,,,,,,E,,,,,,,,,,,,,,,,,,,,,,,142,,,,,,,,,,,,,,,,,,,,,,,,,,,,,,,,,,,,,,,,,,,,,,,,,,,,,,,,,,,,,,,NOT_MATCHED,,37044,,,,,,,,,,,,,,75036,,,,N,,,,,,,,,1,,,,,,,,PERMANENT,,,,,,,,,,,,,,,,,,,,,,,,,,,28,0,,,,,,,,N,,,,,,,,,,,,
02,22-11-18,Y,U,N,N,5,35393,41017,1132,27-11-18,ITEM,2018-11,2088,,372,,,,1132,22-11-18,0060200802投资管理部韩录潼差旅费进项税,,,,,101289,A,Y,,20004,72338,22-11-18,,,526656,N,,,,,N,,,,,,,,,,,,,,,,,,,,,,,,,,,,,,,,E,,,,,,,,,,,,,,,,,,,,,,,142,,,,,,,,,,,,,,,,,,,,,,,,,,,,,,,,,,,,,,,,,,,,,,,,,,,,,,,,,,,,,,,NOT_MATCHED,,37045,,,,,,,,,,,,,,75036,,,,N,,,,,,,,,1,,,,,,,,PERMANENT,,,,,,,,,,,,,,,,,,,,,,,,,,,372,0,,,,,,,,N,,,,,,,,,,,,
02,22-11-18,Y,U,N,N,6,35394,41017,1132,27-11-18,ITEM,2018-11,2088,,28,,,,1132,22-11-18,0060200802投资管理部韩录潼差旅费进项税,,,,,101289,A,Y,,20004,72338,22-11-18,,,526656,N,,,,,N,,,,,,,,,123456789,,,,,,,,,,,,,,,,,,,,,,,E,,,,,,,,,,,,,,,,,,,,,,,142,,,,,,,,,,,,,,,,,,,,,,,,,,,,,,,,,,,,,,,,,,,,,,,,,,,,,,,,,,,,,,,NOT_MATCHED,,37046,,,,,,,,,,,,,,75036,,,,N,,,,,,,,,1,,,,,,,,PERMANENT,,,,,,,,,,,,,,,,,,,,,,,,,,,28,0,,,,,,,,N,,,,,,,,,,,,
02,22-11-18,Y,U,N,N,1,35392,41021,1132,27-11-18,ITEM,2018-11,2088,,50,,,,1132,22-11-18,0060200802投资管理部韩录潼差旅费,,,,,101289,A,Y,,20004,72338,22-11-18,,,526667,N,,,,,N,,,,,,,,,,,,,,,,,,,,,,,,,,,,,,,,E,,,,,,,,,,,,,,,,,,,,,,,142,,,,,,,,,,,,,,,,,,,,,,,,,,,,,,,,,,,,,,,,,,,,,,,,,,,,,,,,,,,,,,,NOT_MATCHED,,37053,,,,,,,,,,,,,,75038,,,,N,,,,,,,,,1,,,,,,,,PERMANENT,,,,,,,,,,,,,,,,,,,,,,,,,,,50,0,,,,,,,,N,,,,,,,,,,,,
02,22-11-18,Y,U,N,N,2,35392,41021,1132,27-11-18,ITEM,2018-11,2088,,50,,,,1132,22-11-18,0060200802投资管理部韩录潼差旅费,,,,,101289,A,Y,,20004,72338,22-11-18,,,526667,N,,,,,N,,,,,,,,,,,,,,,,,,,,,,,,,,,,,,,,E,,,,,,,,,,,,,,,,,,,,,,,142,,,,,,,,,,,,,,,,,,,,,,,,,,,,,,,,,,,,,,,,,,,,,,,,,,,,,,,,,,,,,,,NOT_MATCHED,,37054,,,,,,,,,,,,,,75038,,,,N,,,,,,,,,1,,,,,,,,PERMANENT,,,,,,,,,,,,,,,,,,,,,,,,,,,50,0,,,,,,,,N,,,,,,,,,,,,
02,22-11-18,Y,U,N,N,3,35393,41021,1132,27-11-18,ITEM,2018-11,2088,,372,,,,1132,22-11-18,0060200802投资管理部韩录潼差旅费,,,,,101289,A,Y,,20004,72338,22-11-18,,,526667,N,,,,,N,,,,,,,,,,,,,,,,,,,,,,,,,,,,,,,,E,,,,,,,,,,,,,,,,,,,,,,,142,,,,,,,,,,,,,,,,,,,,,,,,,,,,,,,,,,,,,,,,,,,,,,,,,,,,,,,,,,,,,,,NOT_MATCHED,,37055,,,,,,,,,,,,,,75038,,,,N,,,,,,,,,1,,,,,,,,PERMANENT,,,,,,,,,,,,,,,,,,,,,,,,,,,372,0,,,,,,,,N,,,,,,,,,,,,
02,22-11-18,Y,U,N,N,4,35395,41021,1132,27-11-18,ITEM,2018-11,2088,,28,,,,1132,22-11-18,0060200802投资管理部韩录潼差旅费,,,,,101289,A,Y,,20004,72338,22-11-18,,,526667,N,,,,,N,,,,,,,,,123456789,,,,,,,,,,,,,,,,,,,,,,,E,,,,,,,,,,,,,,,,,,,,,,,142,,,,,,,,,,,,,,,,,,,,,,,,,,,,,,,,,,,,,,,,,,,,,,,,,,,,,,,,,,,,,,,NOT_MATCHED,,37056,,,,,,,,,,,,,,75038,,,,N,,,,,,,,,1,,,,,,,,PERMANENT,,,,,,,,,,,,,,,,,,,,,,,,,,,28,0,,,,,,,,N,,,,,,,,,,,,
02,22-11-18,Y,U,N,N,5,35393,41021,1132,27-11-18,ITEM,2018-11,2088,,372,,,,1132,22-11-18,0060200802投资管理部韩录潼差旅费进项税,,,,,101289,A,Y,,20004,72338,22-11-18,,,526667,N,,,,,N,,,,,,,,,,,,,,,,,,,,,,,,,,,,,,,,E,,,,,,,,,,,,,,,,,,,,,,,142,,,,,,,,,,,,,,,,,,,,,,,,,,,,,,,,,,,,,,,,,,,,,,,,,,,,,,,,,,,,,,,NOT_MATCHED,,37057,,,,,,,,,,,,,,75038,,,,N,,,,,,,,,1,,,,,,,,PERMANENT,,,,,,,,,,,,,,,,,,,,,,,,,,,372,0,,,,,,,,N,,,,,,,,,,,,
02,22-11-18,Y,U,N,N,6,35394,41021,1132,27-11-18,ITEM,2018-11,2088,,28,,,,1132,22-11-18,0060200802投资管理部韩录潼差旅费,,,,,101289,A,Y,,20004,72338,22-11-18,,,526667,N,,,,,N,,,,,,,,,123456789,,,,,,,,,,,,,,,,,,,,,,,E,,,,,,,,,,,,,,,,,,,,,,,142,,,,,,,,,,,,,,,,,,,,,,,,,,,,,,,,,,,,,,,,,,,,,,,,,,,,,,,,,,,,,,,NOT_MATCHED,,37058,,,,,,,,,,,,,,75038,,,,N,,,,,,,,,1,,,,,,,,PERMANENT,,,,,,,,,,,,,,,,,,,,,,,,,,,28,0,,,,,,,,N,,,,,,,,,,,,
02,22-11-18,Y,U,N,N,1,35392,41022,1132,27-11-18,ITEM,2018-11,2088,,50,,,,1132,22-11-18,0060200802投资管理部韩录潼差旅费,,,,,101289,A,Y,,20004,72338,22-11-18,,,526668,N,,,,,N,,,,,,,,,,,,,,,,,,,,,,,,,,,,,,,,E,,,,,,,,,,,,,,,,,,,,,,,142,,,,,,,,,,,,,,,,,,,,,,,,,,,,,,,,,,,,,,,,,,,,,,,,,,,,,,,,,,,,,,,NOT_MATCHED,,37059,,,,,,,,,,,,,,75039,,,,N,,,,,,,,,1,,,,,,,,PERMANENT,,,,,,,,,,,,,,,,,,,,,,,,,,,50,0,,,,,,,,N,,,,,,,,,,,,
02,22-11-18,Y,U,N,N,2,35392,41022,1132,27-11-18,ITEM,2018-11,2088,,50,,,,1132,22-11-18,0060200802投资管理部韩录潼差旅费,,,,,101289,A,Y,,20004,72338,22-11-18,,,526668,N,,,,,N,,,,,,,,,,,,,,,,,,,,,,,,,,,,,,,,E,,,,,,,,,,,,,,,,,,,,,,,142,,,,,,,,,,,,,,,,,,,,,,,,,,,,,,,,,,,,,,,,,,,,,,,,,,,,,,,,,,,,,,,NOT_MATCHED,,37060,,,,,,,,,,,,,,75039,,,,N,,,,,,,,,1,,,,,,,,PERMANENT,,,,,,,,,,,,,,,,,,,,,,,,,,,50,0,,,,,,,,N,,,,,,,,,,,,
02,22-11-18,Y,U,N,N,3,35393,41022,1132,27-11-18,ITEM,2018-11,2088,,372,,,,1132,22-11-18,0060200802投资管理部韩录潼差旅费,,,,,101289,A,Y,,20004,72338,22-11-18,,,526668,N,,,,,N,,,,,,,,,,,,,,,,,,,,,,,,,,,,,,,,E,,,,,,,,,,,,,,,,,,,,,,,142,,,,,,,,,,,,,,,,,,,,,,,,,,,,,,,,,,,,,,,,,,,,,,,,,,,,,,,,,,,,,,,NOT_MATCHED,,37061,,,,,,,,,,,,,,75039,,,,N,,,,,,,,,1,,,,,,,,PERMANENT,,,,,,,,,,,,,,,,,,,,,,,,,,,372,0,,,,,,,,N,,,,,,,,,,,,
02,22-11-18,Y,U,N,N,4,35395,41022,1132,27-11-18,ITEM,2018-11,2088,,28,,,,1132,22-11-18,0060200802投资管理部韩录潼差旅费进项税,,,,,101289,A,Y,,20004,72338,22-11-18,,,526668,N,,,,,N,,,,,,,,,123456789,,,,,,,,,,,,,,,,,,,,,,,E,,,,,,,,,,,,,,,,,,,,,,,142,,,,,,,,,,,,,,,,,,,,,,,,,,,,,,,,,,,,,,,,,,,,,,,,,,,,,,,,,,,,,,,NOT_MATCHED,,37062,,,,,,,,,,,,,,75039,,,,N,,,,,,,,,1,,,,,,,,PERMANENT,,,,,,,,,,,,,,,,,,,,,,,,,,,28,0,,,,,,,,N,,,,,,,,,,,,
02,22-11-18,Y,U,N,N,5,35393,41022,1132,27-11-18,ITEM,2018-11,2088,,372,,,,1132,22-11-18,0060200802投资管理部韩录潼差旅费,,,,,101289,A,Y,,20004,72338,22-11-18,,,526668,N,,,,,N,,,,,,,,,,,,,,,,,,,,,,,,,,,,,,,,E,,,,,,,,,,,,,,,,,,,,,,,142,,,,,,,,,,,,,,,,,,,,,,,,,,,,,,,,,,,,,,,,,,,,,,,,,,,,,,,,,,,,,,,NOT_MATCHED,,37063,,,,,,,,,,,,,,75039,,,,N,,,,,,,,,1,,,,,,,,PERMANENT,,,,,,,,,,,,,,,,,,,,,,,,,,,372,0,,,,,,,,N,,,,,,,,,,,,
02,22-11-18,Y,U,N,N,6,35394,41022,1132,27-11-18,ITEM,2018-11,2088,,28,,,,1132,22-11-18,0060200802投资管理部韩录潼差旅费进项税,,,,,101289,A,Y,,20004,72338,22-11-18,,,526668,N,,,,,N,,,,,,,,,123456789,,,,,,,,,,,,,,,,,,,,,,,E,,,,,,,,,,,,,,,,,,,,,,,142,,,,,,,,,,,,,,,,,,,,,,,,,,,,,,,,,,,,,,,,,,,,,,,,,,,,,,,,,,,,,,,NOT_MATCHED,,37064,,,,,,,,,,,,,,75039,,,,N,,,,,,,,,1,,,,,,,,PERMANENT,,,,,,,,,,,,,,,,,,,,,,,,,,,28,0,,,,,,,,N,,,,,,,,,,,,
02,27-11-18,Y,U,N,N,1,35393,41029,1132,27-11-18,ITEM,2018-11,2088,,672,,,,1132,27-11-18,投资管理部-韩费用报销,,,,,101325,A,Y,,20004,72338,27-11-18,,,527044,Y,,,,,N,,,,,,,,,,,,,,,,,,,,,,,,,,,,,,,,E,,,,,,,,,,,,,,,,,,,,,,,142,,,,,,,,,,,,,,,,,,,,,,,,,,,,,,,,,,,,,,,,,,,,,,,,,,,,,,,,,,,,,,,NOT_MATCHED,,37075,,,,,,,,,,,,,,75046,,,,N,,,,,,,,,1,,,,,,,,PERMANENT,,,,,,,,,,,,,,,,,,,,,,,,,,,672,0,,,,,,,,N,,,,,,,,,,,,
02,27-11-18,Y,U,N,N,2,35394,41029,1132,27-11-18,ITEM,2018-11,2088,,128,,,,1132,27-11-18,投资管理部-韩费用报销,,,,,101325,A,Y,,20004,72338,27-11-18,,,527044,Y,,,,,N,,,,,,,,,1q2w3e,,,,,,,,,,,,,,,,,,,,,,,E,,,,,,,,,,,,,,,,,,,,,,,142,,,,,,,,,,,,,,,,,,,,,,,,,,,,,,,,,,,,,,,,,,,,,,,,,,,,,,,,,,,,,,,NOT_MATCHED,,37076,,,,,,,,,,,,,,75046,,,,N,,,,,,,,,1,,,,,,,,PERMANENT,,,,,,,,,,,,,,,,,,,,,,,,,,,128,0,,,,,,,,N,,,,,,,,,,,,
02,27-11-18,Y,U,N,N,3,35392,41029,1132,27-11-18,ITEM,2018-11,2088,,100,,,,1132,27-11-18,投资管理部-韩费用报销,,,,,101325,A,Y,,20004,72338,27-11-18,,,527044,Y,,,,,N,,,,,,,,,,,,,,,,,,,,,,,,,,,,,,,,E,,,,,,,,,,,,,,,,,,,,,,,142,,,,,,,,,,,,,,,,,,,,,,,,,,,,,,,,,,,,,,,,,,,,,,,,,,,,,,,,,,,,,,,NOT_MATCHED,,37077,,,,,,,,,,,,,,75046,,,,N,,,,,,,,,1,,,,,,,,PERMANENT,,,,,,,,,,,,,,,,,,,,,,,,,,,100,0,,,,,,,,N,,,,,,,,,,,,
02,27-11-18,Y,U,N,N,1,35392,41030,1132,27-11-18,ITEM,2018-11,2088,,50,,,,1132,27-11-18,投资管理部-韩录潼-差旅费,,,,,101325,A,Y,,20004,72338,27-11-18,,,527047,N,,,,,N,,,,,,,,,,,,,,,,,,,,,,,,,,,,,,,,E,,,,,,,,,,,,,,,,,,,,,,,142,,,,,,,,,,,,,,,,,,,,,,,,,,,,,,,,,,,,,,,,,,,,,,,,,,,,,,,,,,,,,,,NOT_MATCHED,,37078,,,,,,,,,,,,,,75048,,,,N,,,,,,,,,1,,,,,,,,PERMANENT,,,,,,,,,,,,,,,,,,,,,,,,,,,50,0,,,,,,,,N,,,,,,,,,,,,
02,27-11-18,Y,U,N,N,2,35392,41030,1132,27-11-18,ITEM,2018-11,2088,,50,,,,1132,27-11-18,投资管理部-韩录潼-差旅费,,,,,101325,A,Y,,20004,72338,27-11-18,,,527047,N,,,,,N,,,,,,,,,,,,,,,,,,,,,,,,,,,,,,,,E,,,,,,,,,,,,,,,,,,,,,,,142,,,,,,,,,,,,,,,,,,,,,,,,,,,,,,,,,,,,,,,,,,,,,,,,,,,,,,,,,,,,,,,NOT_MATCHED,,37079,,,,,,,,,,,,,,75048,,,,N,,,,,,,,,1,,,,,,,,PERMANENT,,,,,,,,,,,,,,,,,,,,,,,,,,,50,0,,,,,,,,N,,,,,,,,,,,,
02,27-11-18,Y,U,N,N,3,35393,41030,1132,27-11-18,ITEM,2018-11,2088,,372,,,,1132,27-11-18,投资管理部-韩录潼-差旅费,,,,,101325,A,Y,,20004,72338,27-11-18,,,527047,N,,,,,N,,,,,,,,,,,,,,,,,,,,,,,,,,,,,,,,E,,,,,,,,,,,,,,,,,,,,,,,142,,,,,,,,,,,,,,,,,,,,,,,,,,,,,,,,,,,,,,,,,,,,,,,,,,,,,,,,,,,,,,,NOT_MATCHED,,37080,,,,,,,,,,,,,,75048,,,,N,,,,,,,,,1,,,,,,,,PERMANENT,,,,,,,,,,,,,,,,,,,,,,,,,,,372,0,,,,,,,,N,,,,,,,,,,,,
02,27-11-18,Y,U,N,N,4,35394,41030,1132,27-11-18,ITEM,2018-11,2088,,28,,,,1132,27-11-18,投资管理部-韩录潼-差旅费进项税,,,,,101325,A,Y,,20004,72338,27-11-18,,,527047,N,,,,,N,,,,,,,,,123456789,,,,,,,,,,,,,,,,,,,,,,,E,,,,,,,,,,,,,,,,,,,,,,,142,,,,,,,,,,,,,,,,,,,,,,,,,,,,,,,,,,,,,,,,,,,,,,,,,,,,,,,,,,,,,,,NOT_MATCHED,,37081,,,,,,,,,,,,,,75048,,,,N,,,,,,,,,1,,,,,,,,PERMANENT,,,,,,,,,,,,,,,,,,,,,,,,,,,28,0,,,,,,,,N,,,,,,,,,,,,
02,27-11-18,Y,U,N,N,5,35393,41030,1132,27-11-18,ITEM,2018-11,2088,,372,,,,1132,27-11-18,投资管理部-韩录潼-差旅费,,,,,101325,A,Y,,20004,72338,27-11-18,,,527047,N,,,,,N,,,,,,,,,,,,,,,,,,,,,,,,,,,,,,,,E,,,,,,,,,,,,,,,,,,,,,,,142,,,,,,,,,,,,,,,,,,,,,,,,,,,,,,,,,,,,,,,,,,,,,,,,,,,,,,,,,,,,,,,NOT_MATCHED,,37082,,,,,,,,,,,,,,75048,,,,N,,,,,,,,,1,,,,,,,,PERMANENT,,,,,,,,,,,,,,,,,,,,,,,,,,,372,0,,,,,,,,N,,,,,,,,,,,,
02,27-11-18,Y,U,N,N,6,35394,41030,1132,27-11-18,ITEM,2018-11,2088,,28,,,,1132,27-11-18,投资管理部-韩录潼-差旅费进项税,,,,,101325,A,Y,,20004,72338,27-11-18,,,527047,N,,,,,N,,,,,,,,,123456789,,,,,,,,,,,,,,,,,,,,,,,E,,,,,,,,,,,,,,,,,,,,,,,142,,,,,,,,,,,,,,,,,,,,,,,,,,,,,,,,,,,,,,,,,,,,,,,,,,,,,,,,,,,,,,,NOT_MATCHED,,37083,,,,,,,,,,,,,,75048,,,,N,,,,,,,,,1,,,,,,,,PERMANENT,,,,,,,,,,,,,,,,,,,,,,,,,,,28,0,,,,,,,,N,,,,,,,,,,,,
02,28-11-18,Y,U,N,N,1,35527,41035,1132,28-11-18,ITEM,2018-11,2088,,900,,,,1192,28-11-18,投资管理部-外部供应商*zifutest,,,,,101479,A,Y,,20004,72338,28-11-18,,,527148,N,,,,,N,,,,,,,,,,,,,,,,,,,,,,,,,,,,,,,,E,,,,,,,,,,,,,,,,,,,,,,,142,,,,,,,,,,,,,,,,,,,,,,,,,,,,,,,,,,,,,,,,,,,,,,,,,,,,,,,,,,,,,,,NOT_MATCHED,,37090,,,,,,,,,,,,,,75058,,,,N,,,,,,,,,1,,,,,,,,PERMANENT,,,,,,,,,,,,,,,,,,,,,,,,,,,900,0,,,,,,,,N,,,,,,,,,,,,
02,22-11-18,Y,U,N,N,1,31375,41013,1192,03-12-18,ITEM,2018-11,2045,,672,,,,1132,22-11-18,1020101人力行政部（北京）王晓春差旅费,,,,,101966,A,Y,,20004,72338,22-11-18,,,526598,N,,,,,N,,,,,,,,,,,,,,,,,,,,,,,,,,,,,,,,E,,,,,,,,,,,,,,,,,,,,,,,101,,,,,,,,,,,,,,,,,,,,,,,,,,,,,,,,,,,,,,,,,,,,,,,,,,,,,,,,,,,,,,,NOT_MATCHED,,37026,,,,,,,,,,,,,,75031,,,,N,,,,,,,,,1,,,,,,,,PERMANENT,,,,,,,,,,,,,,,,,,,,,,,,,,,672,0,,,,,,,,N,,,,,,,,,,,,
02,22-11-18,Y,U,N,N,2,31364,41013,1192,03-12-18,ITEM,2018-11,2045,,128,,,,1132,22-11-18,1020101人力行政部（北京）王晓春差旅费进项税,,,,,101966,A,Y,,20004,72338,22-11-18,,,526598,N,,,,,N,,,,,,,,,1q2w3e,,,,,,,,,,,,,,,,,,,,,,,E,,,,,,,,,,,,,,,,,,,,,,,101,,,,,,,,,,,,,,,,,,,,,,,,,,,,,,,,,,,,,,,,,,,,,,,,,,,,,,,,,,,,,,,NOT_MATCHED,,37027,,,,,,,,,,,,,,75031,,,,N,,,,,,,,,1,,,,,,,,PERMANENT,,,,,,,,,,,,,,,,,,,,,,,,,,,128,0,,,,,,,,N,,,,,,,,,,,,
02,22-11-18,Y,U,N,N,3,31376,41013,1192,03-12-18,ITEM,2018-11,2045,,100,,,,1132,22-11-18,1020101人力行政部（北京）王晓春差旅费进项税,,,,,101966,A,Y,,20004,72338,22-11-18,,,526598,N,,,,,N,,,,,,,,,,,,,,,,,,,,,,,,,,,,,,,,E,,,,,,,,,,,,,,,,,,,,,,,101,,,,,,,,,,,,,,,,,,,,,,,,,,,,,,,,,,,,,,,,,,,,,,,,,,,,,,,,,,,,,,,NOT_MATCHED,,37028,,,,,,,,,,,,,,75031,,,,N,,,,,,,,,1,,,,,,,,PERMANENT,,,,,,,,,,,,,,,,,,,,,,,,,,,100,0,,,,,,,,N,,,,,,,,,,,,
02,28-11-18,Y,U,N,N,2,35394,41035,1132,28-11-18,ITEM,2018-11,2088,,100,,,,1192,28-11-18,投资管理部-外部供应商*zifutest,,,,,101479,A,Y,,20004,72338,28-11-18,,,527148,N,,,,,N,,,,,,,,,900,,,,,,,,,,,,,,,,,,,,,,,E,,,,,,,,,,,,,,,,,,,,,,,142,,,,,,,,,,,,,,,,,,,,,,,,,,,,,,,,,,,,,,,,,,,,,,,,,,,,,,,,,,,,,,,NOT_MATCHED,,37091,,,,,,,,,,,,,,75058,,,,N,,,,,,,,,1,,,,,,,,PERMANENT,,,,,,,,,,,,,,,,,,,,,,,,,,,100,0,,,,,,,,N,,,,,,,,,,,,
02,28-11-18,Y,U,N,N,1,35575,42007,1192,03-12-18,ITEM,2018-11,2045,,370,,,,1132,03-12-18,测试发票00003,,N,,,101966,A,Y,,,,,,,,N,,,,,,,,,,,,,,,,,,,,,,,,,,,,,,,,,,,,,E,,,,,,,,,,,,,,,,,,,,,,,101,,,JA.CN.APXINWKB.DISTRIBUTIONS,,,,,,,,,,,,,,,,,,,,,,,,,,,,,,,,,,,,,,,,,,,,,,,,,,,,,,,,,,,,NOT_MATCHED,,38011,,N,,,,,,,,,,N,,76028,,,,N,,,,,,,,,1,,,,,,,,PERMANENT,,,,,,,,,,,,,,,,,,,,,,,,,,,370,0,,,,,,,,N,,,,,,,,,,,,
02,06-12-18,Y,U,N,N,1,35625,43006,1132,11-12-18,ITEM,2018-12,2088,,250,,,,1312,06-12-18,付印刷费进项税,,N,,,102895,A,Y,,,,,,,,N,,,,,,,,,,,,,,,,,,,,,,,,,,,,,,,,,,,,,E,,,,,,,,,,,,,,,,,,,,,,,142,,,JA.CN.APXINWKB.DISTRIBUTIONS,,,,,,,,,,,,,,,,,,,,,,,,,,,,,,,,,,,,,,,,,,,,,,,,,,,,,,,,,,,,NOT_MATCHED,,39007,,N,,,,,,,,,,N,,77051,,,,N,,,,,,,,,1,,,,,,,,PERMANENT,,,,,,,,,,,,,,,,,,,,,,,,,,,250,0,,,,,,,,N,,,,,,,,,,,,
02,06-12-18,Y,U,N,N,2,35626,43006,1132,11-12-18,ITEM,2018-12,2088,,750,,,,1312,06-12-18,付印刷费,,N,,,102895,A,Y,,,,,,,,N,,,,,,,,,,,,,,,,,,,,,,,,,,,,,,,,,,,,,E,,,,,,,,,,,,,,,,,,,,,,,142,,,JA.CN.APXINWKB.DISTRIBUTIONS,,,,,,,,,,,,,,,,,,,,,,,,,,,,,,,,,,,,,,,,,,,,,,,,,,,,,,,,,,,,NOT_MATCHED,,39008,,N,,,,,,,,,,N,,77051,,,,N,,,,,,,,,1,,,,,,,,PERMANENT,,,,,,,,,,,,,,,,,,,,,,,,,,,750,0,,,,,,,,N,,,,,,,,,,,,
02,07-12-18,Y,U,N,N,1,35392,43009,1132,11-12-18,ITEM,2018-12,2088,,310.5,,,,1132,07-12-18,投资管理部-南京会场会议费,,,,,102895,A,Y,,20004,72338,07-12-18,,,527997,N,,,,,N,,,,,,,,,,,,,,,,,,,,,,,,,,,,,,,,E,,,,,,,,,,,,,,,,,,,,,,,142,,,,,,,,,,,,,,,,,,,,,,,,,,,,,,,,,,,,,,,,,,,,,,,,,,,,,,,,,,,,,,,NOT_MATCHED,,39013,,,,,,,,,,,,,,77054,,,,N,,,,,,,,,1,,,,,,,,PERMANENT,,,,,,,,,,,,,,,,,,,,,,,,,,,310.5,0,,,,,,,,N,,,,,,,,,,,,
02,07-12-18,Y,U,N,N,1,35529,43011,1132,11-12-18,ITEM,2018-12,2088,,134,,,,1312,07-12-18,投资管理部-北京开会会议费,,,,,102895,A,Y,,20004,72338,07-12-18,,,528011,N,,,,,N,,,,,,,,,,,,,,,,,,,,,,,,,,,,,,,,E,,,,,,,,,,,,,,,,,,,,,,,142,,,,,,,,,,,,,,,,,,,,,,,,,,,,,,,,,,,,,,,,,,,,,,,,,,,,,,,,,,,,,,,NOT_MATCHED,,39017,,,,,,,,,,,,,,77059,,,,N,,,,,,,,,1,,,,,,,,PERMANENT,,,,,,,,,,,,,,,,,,,,,,,,,,,134,0,,,,,,,,N,,,,,,,,,,,,
02,15-11-18,N,U,Y,N,1,35629,43012,1132,07-12-18,ITEM,2018-11,2045,,150,,,,1132,07-12-18,,,N,,,102426,,N,,,,,,,,N,,,,,,,,,,,,,,,,,,,,,,,,,,,,,,,,,,,,,E,,,,,,,,,,,,,,,,,,,,,,,101,,,JA.CN.APXINWKB.DISTRIBUTIONS,,,,,,,,,,,,,,,,,,,,,,,,,,,,,,,,,,,,,,,,,,,,,,,,,,,,,,,,,,,,NOT_MATCHED,,39018,,N,,,,,,,,,,N,,,,,,N,,,,,,,,,1,,,,,,,,PERMANENT,,,,,,,,,,,,,,,,,,,,,,,,,,,,,,,,,,,,N,,,,,,,,,,,,
02,07-12-18,N,U,N,N,1,35628,43013,1132,07-12-18,ITEM,2018-12,2045,,100,,,,1132,07-12-18,投资业务二部-深圳采购笔记本,,,,,102475,A,N,,20004,72338,07-12-18,,,528029,N,,,,,N,,,,,,,,,,,,,,,,,,,,,,,,,,,,,,,,E,,,,,,,,,,,,,,,,,,,,,,,101,,,,,,,,,,,,,,,,,,,,,,,,,,,,,,,,,,,,,,,,,,,,,,,,,,,,,,,,,,,,,,,NOT_MATCHED,,39019,,,,,,,,,,,,,,77061,,,,N,,,,,,,,,1,,,,,,,,PERMANENT,,,,,,,,,,,,,,,,,,,,,,,,,,,100,0,,,,,,,,N,,,,,,,,,,,,
02,28-11-18,Y,U,N,N,1,35527,41034,1132,11-12-18,ITEM,2018-11,2088,,1000,,,,1132,11-12-18,,,,,,102908,A,Y,,,,,,,,N,,,,,N,,,,,,,,,,,,,,,,,,,,,,,,,,,,,,,,E,,,,,,,,,,,,,,,,,,,,,,,142,,,,,,,,,,,,,,,,,,,,,,,,,,,,,,,,,,,,,,,,,,,,,,,,,,,,,,,,,,,,,,,NOT_MATCHED,,39025,,,,,,,,,,,,,,78070,,,,N,,,,,,,,N,1,,,,,,,,PERMANENT,,,,,,,,,,,,,,,,,,,,,,,,,,,1000,0,,,,,,,,N,,,,,,,,,,,,
02,05-12-18,N,U,Y,N,1,35657,44006,1192,12-12-18,ITEM,2018-12,2045,,20003456,,,,1192,12-12-18,,,N,,,102992,A,N,,,,,,,,N,,,,,,,,,,,,,,,,,,,,,,,,,,,,,,,,,,,,,E,,,,,,,,,,,,,,,,,,,,,,,101,,,JA.CN.APXINWKB.DISTRIBUTIONS,,,,,,,,,,,,,,,,,,,,,,,,,,,,,,,,,,,,,,,,,,,,,,,,,,,,,,,,,,,,NOT_MATCHED,,39026,,N,,,,,,,,,,N,,78071,,,,N,,,,,,,,,1,,,,,,,,PERMANENT,,,,,,,,,,,,,,,,,,,,,,,,,,,20003456,0,,,,,,,,N,,,,,,,,,,,,
02,05-12-18,N,U,Y,N,1,35658,44007,1132,12-12-18,ITEM,2018-12,2045,,3345587600,,,,1132,12-12-18,,,N,,,102997,A,N,,,,,,,,N,,,,,,,,,,,,,,,,,,,,,,,,,,,,,,,,,,,,,E,,,,,,,,,,,,,,,,,,,,,,,101,,,JA.CN.APXINWKB.DISTRIBUTIONS,,,,,,,,,,,,,,,,,,,,,,,,,,,,,,,,,,,,,,,,,,,,,,,,,,,,,,,,,,,,NOT_MATCHED,,39027,,N,,,,,,,,,,N,,78072,,,,N,,,,,,,,,1,,,,,,,,PERMANENT,,,,,,,,,,,,,,,,,,,,,,,,,,,3345587600,0,,,,,,,,N,,,,,,,,,,,,
02,11-12-18,N,U,Y,N,1,36358,45006,1132,21-12-18,ITEM,2018-12,2045,,230,,,,1132,21-12-18,,,N,,,105456,A,N,,,,,,,,N,,,,,,,,,,,,,,,,,,,,,,,,,,,,,,,,,,,,,E,,,,,,,,,,,,,,,,,,,,,,,101,,,JA.CN.APXINWKB.DISTRIBUTIONS,,,,,,,,,,,,,,,,,,,,,,,,,,,,,,,,,,,,,,,,,,,,,,,,,,,,,,,,,,,,NOT_MATCHED,,40007,,N,,,,,,,,,,N,,82031,,,,N,,,,,,,,,1,,,,,,,,PERMANENT,,,,,,,,,,,,,,,,,,,,,,,,,,,230,0,,,,,,,,N,,,,,,,,,,,,
02,21-12-18,N,U,Y,N,1,36359,45007,1132,21-12-18,ITEM,2018-12,2045,,678,,,,1132,21-12-18,测试001,,N,,,105456,A,N,,,,,,,,N,,,,,,,,,,,,,,,,,,,,,,,,,,,,,,,,,,,,,E,,,,,,,,,,,,,,,,,,,,,,,101,,,JA.CN.APXINWKB.DISTRIBUTIONS,,,,,,,,,,,,,,,,,,,,,,,,,,,,,,,,,,,,,,,,,,,,,,,,,,,,,,,,,,,,NOT_MATCHED,,40008,,N,,,,,,,,,,N,,82030,,,,N,,,,,,,,,1,,,,,,,,PERMANENT,,,,,,,,,,,,,,,,,,,,,,,,,,,678,0,,,,,,,,N,,,,,,,,,,,,
02,17-12-18,N,U,Y,N,2,35658,45007,1132,21-12-18,ITEM,2018-12,2045,,5123,,,,1132,21-12-18,测试品牌002,,N,,,105456,A,N,,,,,,,,N,,,,,,,,,,,,,,,,,,,,,,,,,,,,,,,,,,,,,E,,,,,,,,,,,,,,,,,,,,,,,101,,,JA.CN.APXINWKB.DISTRIBUTIONS,,,,,,,,,,,,,,,,,,,,,,,,,,,,,,,,,,,,,,,,,,,,,,,,,,,,,,,,,,,,NOT_MATCHED,,40009,,N,,,,,,,,,,N,,82029,,,,N,,,,,,,,,1,,,,,,,,PERMANENT,,,,,,,,,,,,,,,,,,,,,,,,,,,5123,0,,,,,,,,N,,,,,,,,,,,,
02,26-11-18,Y,U,Y,N,1,35571,42006,1132,03-12-18,ITEM,2018-11,2045,,90,,,,1132,03-12-18,测试发票001行,,,,,101946,A,Y,,,,,,,,N,,,,,N,,,,,,,,,,,,,,,,,,,,,,,,,,,,,,,,E,,,,,,,,,,,,,,,,,,,,,,,101,,,,,,,,,,,,,,,,,,,,,,,,,,,,,,,,,,,,,,,,,,,,,,,,,,,,,,,,,,,,,,,NOT_MATCHED,,38008,,,,,,,,,,,,,,76023,,,,N,,,,,,,,N,1,,,,,,,,PERMANENT,,,,,,,,,,,,,,,,,,,,,,,,,,,90,0,,,,,,,,N,,,,,,,,,,,,
02,26-11-18,Y,U,Y,N,2,16504,42006,1132,03-12-18,ITEM,2018-11,2045,,8,,,,1132,03-12-18,测试发票001行,,N,,,101946,A,Y,,,,,,,,N,,,,,,,,,,,,,,,,,,,,,,,,,,,,,,,,,,,,,E,,,,,,,,,,,,,,,,,,,,,,,101,,,JA.CN.APXINWKB.DISTRIBUTIONS,,,,,,,,,,,,,,,,,,,,,,,,,,,,,,,,,,,,,,,,,,,,,,,,,,,,,,,,,,,,NOT_MATCHED,,38009,,N,,,,,,,,,,N,,76023,,,,N,,,,,,,,,1,,,,,,,,PERMANENT,,,,,,,,,,,,,,,,,,,,,,,,,,,8,0,,,,,,,,N,,,,,,,,,,,,
02,26-11-18,Y,U,N,N,1,35572,42006,1132,03-12-18,ITEM,2018-11,2045,,102,,,,1132,03-12-18,测试发票002行,,,,,101946,A,Y,,,,,,,,N,,,,,N,,,,,,,,,,,,,,,,,,,,,,,,,,,,,,,,E,,,,,,,,,,,,,,,,,,,,,,,101,,,,,,,,,,,,,,,,,,,,,,,,,,,,,,,,,,,,,,,,,,,,,,,,,,,,,,,,,,,,,,,NOT_MATCHED,,38010,,,,,,,,,,,,,,76023,,,,N,,,,,,,,N,2,,,,,,,,PERMANENT,,,,,,,,,,,,,,,,,,,,,,,,,,,102,0,,,,,,,,N,,,,,,,,,,,,
02,21-12-18,N,U,N,N,3,36360,45007,1132,21-12-18,ITEM,2018-12,2045,,-288.02,,,,1132,21-12-18,测试赛随意发003,,N,,,105456,A,N,,,,,,,,N,,,,,,,,,,,,,,,,,,,,,,,,,,,,,,,,,,,,,E,,,,,,,,,,,,,,,,,,,,,,,101,,,JA.CN.APXINWKB.DISTRIBUTIONS,,,,,,,,,,,,,,,,,,,,,,,,,,,,,,,,,,,,,,,,,,,,,,,,,,,,,,,,,,,,NOT_MATCHED,,40010,,N,,,,,,,,,,N,,82030,,,,N,,,,,,,,,1,,,,,,,,PERMANENT,,,,,,,,,,,,,,,,,,,,,,,,,,,-288.02,0,,,,,,,,N,,,,,,,,,,,,
02,21-12-18,N,U,N,N,1,36361,45008,1132,21-12-18,ITEM,2018-12,2045,,127700,,,,1132,21-12-18,,,N,,,105456,A,N,,,,,,,,N,,,,,,,,,,,,,,,,,,,,,,,,,,,,,,,,,,,,,E,,,,,,,,,,,,,,,,,,,,,,,101,,,JA.CN.APXINWKB.DISTRIBUTIONS,,,,,,,,,,,,,,,,,,,,,,,,,,,,,,,,,,,,,,,,,,,,,,,,,,,,,,,,,,,,NOT_MATCHED,,40011,,N,,,,,,,,,,N,,82028,,,,N,,,,,,,,,1,,,,,,,,PERMANENT,,,,,,,,,,,,,,,,,,,,,,,,,,,127700,0,,,,,,,,N,,,,,,,,,,,,
02,21-12-18,N,U,N,N,2,36362,45008,1132,21-12-18,ITEM,2018-12,2045,,110190,,,,1132,21-12-18,,,N,,,105456,A,N,,,,,,,,N,,,,,,,,,,,,,,,,,,,,,,,,,,,,,,,,,,,,,E,,,,,,,,,,,,,,,,,,,,,,,101,,,JA.CN.APXINWKB.DISTRIBUTIONS,,,,,,,,,,,,,,,,,,,,,,,,,,,,,,,,,,,,,,,,,,,,,,,,,,,,,,,,,,,,NOT_MATCHED,,40012,,N,,,,,,,,,,N,,82028,,,,N,,,,,,,,,1,,,,,,,,PERMANENT,,,,,,,,,,,,,,,,,,,,,,,,,,,110190,0,,,,,,,,N,,,,,,,,,,,,
02,27-11-18,Y,U,N,N,4,35393,41029,1132,28-11-18,ITEM,2018-11,2088,,-672,,,,1132,28-11-18,投资管理部-韩费用报销,,,,,101479,A,Y,,,,,,,,Y,,,,,N,,,,,,,,,,,,,,,,,,,,,,,,,,,,,,,,E,,,,,,,,,,,,,,,,,,,,,,,142,,,,,,,,,,,,,,,,,,,,,,,,,,,,,,,,,,,,,,,,,,,,,,,,,,,,,,,,,,,,,,,NOT_MATCHED,,37086,37075,,,,,,,,,,,,,75053,,,,N,,,,,,,,Y,1,,,,,,,,PERMANENT,,,,,,,,,,,,,,,,,,,,,,,,,,,-672,0,,,,,,,,N,,,,,,,,,,,,
02,27-11-18,Y,U,N,N,5,35394,41029,1132,28-11-18,ITEM,2018-11,2088,,-128,,,,1132,28-11-18,投资管理部-韩费用报销,,,,,101479,A,Y,,,,,,,,Y,,,,,N,,,,,,,,,1q2w3e,,,,,,,,,,,,,,,,,,,,,,,E,,,,,,,,,,,,,,,,,,,,,,,142,,,,,,,,,,,,,,,,,,,,,,,,,,,,,,,,,,,,,,,,,,,,,,,,,,,,,,,,,,,,,,,NOT_MATCHED,,37087,37076,,,,,,,,,,,,,75053,,,,N,,,,,,,,Y,1,,,,,,,,PERMANENT,,,,,,,,,,,,,,,,,,,,,,,,,,,-128,0,,,,,,,,N,,,,,,,,,,,,
02,27-11-18,Y,U,N,N,6,35392,41029,1132,28-11-18,ITEM,2018-11,2088,,-100,,,,1132,28-11-18,投资管理部-韩费用报销,,,,,101479,A,Y,,,,,,,,Y,,,,,N,,,,,,,,,,,,,,,,,,,,,,,,,,,,,,,,E,,,,,,,,,,,,,,,,,,,,,,,142,,,,,,,,,,,,,,,,,,,,,,,,,,,,,,,,,,,,,,,,,,,,,,,,,,,,,,,,,,,,,,,NOT_MATCHED,,37088,37077,,,,,,,,,,,,,75053,,,,N,,,,,,,,Y,1,,,,,,,,PERMANENT,,,,,,,,,,,,,,,,,,,,,,,,,,,-100,0,,,,,,,,N,,,,,,,,,,,,
02,22-11-18,Y,U,N,N,1,35392,41018,1132,28-11-18,ITEM,2018-11,2088,,900,,,,1132,28-11-18,,,,,,101479,A,Y,,,,,,,,N,,,,,N,,,,,,,,,,,,,,,,,,,,,,,,,,,,,,,,E,,,,,,,,,,,,,,,,,,,,,,,142,,,,,,,,,,,,,,,,,,,,,,,,,,,,,,,,,,,,,,,,,,,,,,,,,,,,,,,,,,,,,,,NOT_MATCHED,,37089,,,,,,,,,,,,,,75054,,,,N,,,,,,,,N,1,,,,,,,,PERMANENT,,,,,,,,,,,,,,,,,,,,,,,,,,,900,0,,,,,,,,N,,,,,,,,,,,,
02,28-11-18,Y,U,N,N,4,35392,41036,1132,28-11-18,ITEM,2018-11,2088,,-2,,,,1192,28-11-18,投资管理部-外部供应商*zifutest,,,,,101479,A,Y,,,,,,,,Y,,,,,N,,,,,,,,,,,,,,,,,,,,,,,,,,,,,,,,E,,,,,,,,,,,,,,,,,,,,,,,142,,,,,,,,,,,,,,,,,,,,,,,,,,,,,,,,,,,,,,,,,,,,,,,,,,,,,,,,,,,,,,,NOT_MATCHED,,37095,37092,,,,,,,,,,,,,75060,,,,N,,,,,,,,Y,1,,,,,,,,PERMANENT,,,,,,,,,,,,,,,,,,,,,,,,,,,-2,0,,,,,,,,N,,,,,,,,,,,,
02,28-11-18,Y,U,N,N,5,35394,41036,1132,28-11-18,ITEM,2018-11,2088,,-8,,,,1192,28-11-18,投资管理部-外部供应商*zifutest,,,,,101479,A,Y,,,,,,,,Y,,,,,N,,,,,,,,,123,,,,,,,,,,,,,,,,,,,,,,,E,,,,,,,,,,,,,,,,,,,,,,,142,,,,,,,,,,,,,,,,,,,,,,,,,,,,,,,,,,,,,,,,,,,,,,,,,,,,,,,,,,,,,,,NOT_MATCHED,,37096,37093,,,,,,,,,,,,,75060,,,,N,,,,,,,,Y,1,,,,,,,,PERMANENT,,,,,,,,,,,,,,,,,,,,,,,,,,,-8,0,,,,,,,,N,,,,,,,,,,,,
02,28-11-18,Y,U,N,N,6,35529,41036,1132,28-11-18,ITEM,2018-11,2088,,-200,,,,1192,28-11-18,投资管理部-外部供应商*zifutest,,,,,101479,A,Y,,,,,,,,Y,,,,,N,,,,,,,,,,,,,,,,,,,,,,,,,,,,,,,,E,,,,,,,,,,,,,,,,,,,,,,,142,,,,,,,,,,,,,,,,,,,,,,,,,,,,,,,,,,,,,,,,,,,,,,,,,,,,,,,,,,,,,,,NOT_MATCHED,,37097,37094,,,,,,,,,,,,,75060,,,,N,,,,,,,,Y,1,,,,,,,,PERMANENT,,,,,,,,,,,,,,,,,,,,,,,,,,,-200,0,,,,,,,,N,,,,,,,,,,,,
02,27-11-18,Y,U,N,N,1,35521,41027,1132,11-12-18,ITEM,2018-11,2088,,99,,,,1132,11-12-18,接口内测行摘要,,,,,102892,A,Y,,,,,,,,N,,,,,N,,,,,,,,,,,,,,,,,,,,,,,,,,,,,,,,E,,,,,,,,,,,,,,,,,,,,,,,142,,,,,,,,,,,,,,,,,,,,,,,,,,,,,,,,,,,,,,,,,,,,,,,,,,,,,,,,,,,,,,,NOT_MATCHED,,39024,,,,,,,,,,,,,,78069,,,,N,,,,,,,,N,1,,,,,,,,PERMANENT,,,,,,,,,,,,,,,,,,,,,,,,,,,99,0,,,,,,,,N,,,,,,,,,,,,
